"date","time","phase","beep","selfdoubt","tired","selfdoubt_lag","tired_lag","selfdoubt_lag_c","tired_lag_c"
"19/11/12","08:59:56",4,1,2,2,NA,NA,NA,NA
"19/11/12","10:31:30",4,2,2,2,2,2,-0.0524344569288391,0.1425
"19/11/12","13:04:33",4,4,3,3,NA,NA,NA,NA
"19/11/12","15:15:31",4,6,2,2,NA,NA,NA,NA
"19/11/12","17:58:56",4,7,3,3,2,2,-0.0524344569288391,0.1425
"19/11/12","19:43:13",4,9,2,2,NA,NA,NA,NA
"20/11/12","08:10:37",4,1,3,2,NA,NA,NA,NA
"20/11/12","14:16:10",4,5,3,3,NA,NA,NA,NA
"20/11/12","15:04:33",4,6,3,2,3,3,0.947565543071161,1.1425
"20/11/12","17:32:26",4,7,2,4,3,2,0.947565543071161,0.1425
"20/11/12","18:05:27",4,8,4,4,2,4,-0.0524344569288391,2.1425
"20/11/12","21:50:40",4,10,3,4,NA,NA,NA,NA
"21/11/12","10:17:01",4,2,3,2,NA,NA,NA,NA
"21/11/12","11:08:12",4,3,4,3,3,2,0.947565543071161,0.1425
"21/11/12","12:32:38",4,4,3,3,4,3,1.94756554307116,1.1425
"21/11/12","14:35:46",4,5,3,3,3,3,0.947565543071161,1.1425
"21/11/12","16:10:27",4,6,3,4,3,3,0.947565543071161,1.1425
"21/11/12","21:20:07",4,10,3,4,NA,NA,NA,NA
"22/11/12","08:56:49",4,1,3,3,NA,NA,NA,NA
"22/11/12","12:38:30",4,4,3,2,NA,NA,NA,NA
"22/11/12","14:22:34",4,5,2,2,3,2,0.947565543071161,0.1425
"22/11/12","16:04:47",4,6,4,4,2,2,-0.0524344569288391,0.1425
"22/11/12","17:04:34",4,7,4,5,4,4,1.94756554307116,2.1425
"22/11/12","19:57:34",4,9,1,2,NA,NA,NA,NA
"22/11/12","21:12:47",4,10,1,2,1,2,-1.05243445692884,0.1425
"23/11/12","08:44:16",4,1,1,1,NA,NA,NA,NA
"23/11/12","09:54:43",4,2,2,1,1,1,-1.05243445692884,-0.8575
"23/11/12","14:43:14",4,5,3,3,NA,NA,NA,NA
"23/11/12","16:15:05",4,6,3,4,3,3,0.947565543071161,1.1425
"23/11/12","18:11:27",4,8,1,3,NA,NA,NA,NA
"23/11/12","20:39:36",4,9,2,3,1,3,-1.05243445692884,1.1425
"23/11/12","21:21:49",4,10,2,2,2,3,-0.0524344569288391,1.1425
"24/11/12","09:04:34",4,2,1,2,NA,NA,NA,NA
"24/11/12","11:37:03",4,3,1,3,1,2,-1.05243445692884,0.1425
"24/11/12","12:30:28",4,4,1,2,1,3,-1.05243445692884,1.1425
"24/11/12","15:08:28",4,6,3,3,NA,NA,NA,NA
"24/11/12","18:46:22",4,8,2,3,NA,NA,NA,NA
"24/11/12","20:42:15",4,9,1,2,2,3,-0.0524344569288391,1.1425
"25/11/12","08:20:12",4,1,2,2,NA,NA,NA,NA
"25/11/12","09:20:56",4,2,3,1,2,2,-0.0524344569288391,0.1425
"25/11/12","11:24:11",4,3,3,3,3,1,0.947565543071161,-0.8575
"25/11/12","14:28:57",4,5,1,1,NA,NA,NA,NA
"25/11/12","18:39:13",4,8,2,3,NA,NA,NA,NA
"25/11/12","20:09:30",4,9,1,2,2,3,-0.0524344569288391,1.1425
"26/11/12","08:59:03",4,1,2,2,NA,NA,NA,NA
"26/11/12","10:28:24",4,2,1,1,2,2,-0.0524344569288391,0.1425
"26/11/12","10:56:27",4,3,1,1,1,1,-1.05243445692884,-0.8575
"26/11/12","13:49:12",4,5,1,1,NA,NA,NA,NA
"26/11/12","15:13:49",4,6,1,2,1,1,-1.05243445692884,-0.8575
"26/11/12","17:59:45",4,7,1,1,1,2,-1.05243445692884,0.1425
"26/11/12","19:41:54",4,9,1,1,NA,NA,NA,NA
"27/11/12","08:10:14",4,1,1,1,NA,NA,NA,NA
"27/11/12","09:07:14",4,2,1,1,1,1,-1.05243445692884,-0.8575
"27/11/12","14:16:14",4,5,3,2,NA,NA,NA,NA
"27/11/12","15:04:43",4,6,3,2,3,2,0.947565543071161,0.1425
"27/11/12","19:45:18",4,9,3,4,NA,NA,NA,NA
"28/11/12","07:32:10",4,1,1,4,NA,NA,NA,NA
"28/11/12","11:08:22",4,3,3,3,NA,NA,NA,NA
"28/11/12","14:34:44",4,5,3,2,NA,NA,NA,NA
"28/11/12","16:08:27",4,6,1,2,3,2,0.947565543071161,0.1425
"29/11/12","08:56:30",4,1,3,1,NA,NA,NA,NA
"29/11/12","11:02:42",4,3,3,2,NA,NA,NA,NA
"29/11/12","14:22:25",4,5,3,2,NA,NA,NA,NA
"29/11/12","21:12:11",4,10,2,3,NA,NA,NA,NA
"30/11/12","08:45:56",4,1,3,2,NA,NA,NA,NA
"30/11/12","09:54:28",4,2,2,1,3,2,0.947565543071161,0.1425
"30/11/12","14:43:45",4,5,2,2,NA,NA,NA,NA
"30/11/12","16:16:03",4,6,2,2,2,2,-0.0524344569288391,0.1425
"30/11/12","17:17:05",4,7,3,3,2,2,-0.0524344569288391,0.1425
"30/11/12","18:11:30",4,8,2,3,3,3,0.947565543071161,1.1425
"01/12/12","11:37:05",4,3,1,1,NA,NA,NA,NA
"01/12/12","15:08:48",4,6,2,2,NA,NA,NA,NA
"01/12/12","20:42:30",4,9,3,2,NA,NA,NA,NA
"02/12/12","11:24:52",4,3,2,2,NA,NA,NA,NA
"02/12/12","12:03:44",4,4,2,2,2,2,-0.0524344569288391,0.1425
"02/12/12","14:28:52",4,5,3,2,2,2,-0.0524344569288391,0.1425
"02/12/12","20:09:51",4,9,2,2,NA,NA,NA,NA
"02/12/12","21:42:15",4,10,3,3,2,2,-0.0524344569288391,0.1425
"03/12/12","08:58:31",4,1,3,2,NA,NA,NA,NA
"03/12/12","10:56:22",4,3,3,2,NA,NA,NA,NA
"03/12/12","13:03:16",4,4,2,2,3,2,0.947565543071161,0.1425
"03/12/12","13:50:17",4,5,4,2,2,2,-0.0524344569288391,0.1425
"04/12/12","08:10:42",4,1,2,2,NA,NA,NA,NA
"04/12/12","09:07:49",4,2,1,1,2,2,-0.0524344569288391,0.1425
"04/12/12","11:50:32",4,3,2,2,1,1,-1.05243445692884,-0.8575
"04/12/12","12:35:32",4,4,2,1,2,2,-0.0524344569288391,0.1425
"04/12/12","15:04:49",4,6,4,2,NA,NA,NA,NA
"04/12/12","17:33:39",4,7,2,2,4,2,1.94756554307116,0.1425
"04/12/12","19:45:17",4,9,1,2,NA,NA,NA,NA
"04/12/12","21:51:19",4,10,2,2,1,2,-1.05243445692884,0.1425
"05/12/12","10:16:36",4,2,1,1,NA,NA,NA,NA
"05/12/12","14:35:31",4,5,2,1,NA,NA,NA,NA
"05/12/12","17:19:44",4,7,3,3,NA,NA,NA,NA
"05/12/12","20:22:52",4,9,3,2,NA,NA,NA,NA
"05/12/12","21:20:29",4,10,1,1,3,2,0.947565543071161,0.1425
"06/12/12","08:56:45",4,1,2,2,NA,NA,NA,NA
"06/12/12","09:21:14",4,2,3,2,2,2,-0.0524344569288391,0.1425
"06/12/12","11:03:03",4,3,2,2,3,2,0.947565543071161,0.1425
"06/12/12","12:39:55",4,4,2,2,2,2,-0.0524344569288391,0.1425
"06/12/12","14:22:40",4,5,3,3,2,2,-0.0524344569288391,0.1425
"06/12/12","17:07:24",4,7,3,3,NA,NA,NA,NA
"06/12/12","18:38:00",4,8,2,2,3,3,0.947565543071161,1.1425
"06/12/12","21:12:34",4,10,3,2,NA,NA,NA,NA
"07/12/12","08:44:45",4,1,3,1,NA,NA,NA,NA
"07/12/12","09:58:22",4,2,2,1,3,1,0.947565543071161,-0.8575
"07/12/12","12:04:28",4,4,2,1,NA,NA,NA,NA
"07/12/12","16:15:21",4,6,3,2,NA,NA,NA,NA
"07/12/12","17:16:27",4,7,4,2,3,2,0.947565543071161,0.1425
"07/12/12","21:20:35",4,10,3,2,NA,NA,NA,NA
"08/12/12","09:04:28",4,2,5,1,NA,NA,NA,NA
"08/12/12","11:36:12",4,3,2,1,5,1,2.94756554307116,-0.8575
"08/12/12","12:32:27",4,4,3,1,2,1,-0.0524344569288391,-0.8575
"08/12/12","14:52:48",4,5,1,2,3,1,0.947565543071161,-0.8575
"08/12/12","16:39:57",4,7,2,1,NA,NA,NA,NA
"08/12/12","18:46:11",4,8,2,1,2,1,-0.0524344569288391,-0.8575
"08/12/12","20:42:13",4,9,1,1,2,1,-0.0524344569288391,-0.8575
"08/12/12","21:30:17",4,10,1,1,1,1,-1.05243445692884,-0.8575
"09/12/12","08:20:33",4,1,2,4,NA,NA,NA,NA
"09/12/12","09:28:51",4,2,1,1,2,4,-0.0524344569288391,2.1425
"09/12/12","18:39:12",4,8,1,1,NA,NA,NA,NA
"09/12/12","20:09:39",4,9,2,2,1,1,-1.05243445692884,-0.8575
"09/12/12","21:42:18",4,10,1,1,2,2,-0.0524344569288391,0.1425
"10/12/12","10:30:13",4,2,1,1,NA,NA,NA,NA
"10/12/12","10:59:36",4,3,1,1,1,1,-1.05243445692884,-0.8575
"10/12/12","13:04:20",4,4,2,NA,1,1,-1.05243445692884,-0.8575
"10/12/12","13:49:08",4,5,2,2,2,NA,-0.0524344569288391,NA
"10/12/12","15:13:45",4,6,1,2,2,2,-0.0524344569288391,0.1425
"10/12/12","17:59:28",4,7,2,2,1,2,-1.05243445692884,0.1425
"10/12/12","19:25:12",4,8,2,2,2,2,-0.0524344569288391,0.1425
"11/12/12","08:11:21",4,1,1,1,NA,NA,NA,NA
"11/12/12","09:07:32",4,2,1,2,1,1,-1.05243445692884,-0.8575
"11/12/12","12:37:44",4,4,4,2,NA,NA,NA,NA
"11/12/12","14:22:05",4,5,1,2,4,2,1.94756554307116,0.1425
"11/12/12","15:04:56",4,6,2,2,1,2,-1.05243445692884,0.1425
"11/12/12","19:45:55",4,9,2,3,NA,NA,NA,NA
"12/12/12","10:25:25",4,2,2,2,NA,NA,NA,NA
"12/12/12","12:33:28",4,4,4,2,NA,NA,NA,NA
"12/12/12","14:34:11",4,5,2,3,4,2,1.94756554307116,0.1425
"12/12/12","17:19:26",4,7,2,2,NA,NA,NA,NA
"13/12/12","08:56:30",4,1,2,4,NA,NA,NA,NA
"13/12/12","09:21:15",4,2,2,2,2,4,-0.0524344569288391,2.1425
"13/12/12","12:38:45",4,4,2,3,NA,NA,NA,NA
"13/12/12","16:05:05",4,6,1,3,NA,NA,NA,NA
"13/12/12","21:12:15",4,10,1,3,NA,NA,NA,NA
"14/12/12","08:45:26",4,1,1,2,NA,NA,NA,NA
"14/12/12","11:12:24",4,3,2,4,NA,NA,NA,NA
"14/12/12","14:43:40",4,5,1,2,NA,NA,NA,NA
"14/12/12","16:16:45",4,6,1,3,1,2,-1.05243445692884,0.1425
"14/12/12","17:17:39",4,7,1,3,1,3,-1.05243445692884,1.1425
"16/12/12","11:24:35",4,3,1,1,NA,NA,NA,NA
"16/12/12","14:28:44",4,5,1,1,NA,NA,NA,NA
"17/12/12","08:59:54",4,1,1,1,NA,NA,NA,NA
"17/12/12","10:28:31",4,2,1,1,1,1,-1.05243445692884,-0.8575
"17/12/12","10:56:12",4,3,2,2,1,1,-1.05243445692884,-0.8575
"17/12/12","13:50:07",4,5,1,2,NA,NA,NA,NA
"17/12/12","17:59:03",4,7,1,3,NA,NA,NA,NA
"17/12/12","19:25:55",4,8,1,2,1,3,-1.05243445692884,1.1425
"18/12/12","09:08:26",4,2,2,2,NA,NA,NA,NA
"18/12/12","11:50:31",4,3,1,1,2,2,-0.0524344569288391,0.1425
"18/12/12","12:35:31",4,4,2,1,1,1,-1.05243445692884,-0.8575
"18/12/12","15:05:04",4,6,2,2,NA,NA,NA,NA
"18/12/12","18:06:15",4,8,2,2,NA,NA,NA,NA
"18/12/12","19:45:11",4,9,2,2,2,2,-0.0524344569288391,0.1425
"19/12/12","10:17:23",4,2,2,1,NA,NA,NA,NA
"19/12/12","17:18:14",4,7,2,2,NA,NA,NA,NA
"19/12/12","18:12:00",4,8,2,2,2,2,-0.0524344569288391,0.1425
"19/12/12","21:21:17",4,10,2,3,NA,NA,NA,NA
"20/12/12","08:56:30",4,1,2,2,NA,NA,NA,NA
"20/12/12","09:22:02",4,2,2,2,2,2,-0.0524344569288391,0.1425
"20/12/12","11:04:12",4,3,2,1,2,2,-0.0524344569288391,0.1425
"20/12/12","12:38:50",4,4,1,1,2,1,-0.0524344569288391,-0.8575
"20/12/12","16:04:41",4,6,2,1,NA,NA,NA,NA
"20/12/12","18:36:55",4,8,1,1,NA,NA,NA,NA
"20/12/12","19:56:16",4,9,1,1,1,1,-1.05243445692884,-0.8575
"21/12/12","08:46:00",4,1,1,2,NA,NA,NA,NA
"21/12/12","09:54:28",4,2,2,2,1,2,-1.05243445692884,0.1425
"21/12/12","12:05:42",4,4,1,1,NA,NA,NA,NA
"21/12/12","14:44:24",4,5,2,2,1,1,-1.05243445692884,-0.8575
"21/12/12","19:46:58",4,8,2,2,NA,NA,NA,NA
"22/12/12","09:04:10",4,2,3,1,NA,NA,NA,NA
"22/12/12","11:37:38",4,3,2,1,3,1,0.947565543071161,-0.8575
"22/12/12","18:47:00",4,8,1,1,NA,NA,NA,NA
"22/12/12","20:42:36",4,9,1,1,1,1,-1.05243445692884,-0.8575
"23/12/12","09:20:43",4,2,4,2,NA,NA,NA,NA
"23/12/12","11:24:15",4,3,4,2,4,2,1.94756554307116,0.1425
"23/12/12","12:03:56",4,4,5,2,4,2,1.94756554307116,0.1425
"23/12/12","15:52:04",4,6,3,2,NA,NA,NA,NA
"23/12/12","18:40:07",4,8,3,3,NA,NA,NA,NA
"24/12/12","08:58:52",4,1,3,1,NA,NA,NA,NA
"24/12/12","10:28:25",4,2,2,2,3,1,0.947565543071161,-0.8575
"24/12/12","13:03:34",4,4,1,1,NA,NA,NA,NA
"24/12/12","13:49:38",4,5,2,1,1,1,-1.05243445692884,-0.8575
"24/12/12","19:25:38",4,8,1,1,NA,NA,NA,NA
"24/12/12","21:21:35",4,10,1,2,NA,NA,NA,NA
"25/12/12","11:52:17",4,3,1,1,NA,NA,NA,NA
"25/12/12","14:16:44",4,5,3,1,NA,NA,NA,NA
"25/12/12","15:04:26",4,6,2,1,3,1,0.947565543071161,-0.8575
"25/12/12","17:33:02",4,7,2,1,2,1,-0.0524344569288391,-0.8575
"25/12/12","18:05:32",4,8,3,2,2,1,-0.0524344569288391,-0.8575
"25/12/12","19:45:37",4,9,1,2,3,2,0.947565543071161,0.1425
"26/12/12","07:32:26",4,1,3,4,NA,NA,NA,NA
"26/12/12","12:32:44",4,4,2,2,NA,NA,NA,NA
"26/12/12","16:08:30",4,6,NA,NA,NA,NA,NA,NA
"26/12/12","18:11:00",4,8,1,1,NA,NA,NA,NA
"26/12/12","20:23:27",4,9,1,1,1,1,-1.05243445692884,-0.8575
"27/12/12","11:02:51",4,3,2,1,NA,NA,NA,NA
"27/12/12","12:39:42",4,4,1,1,2,1,-0.0524344569288391,-0.8575
"27/12/12","14:22:36",4,5,1,1,1,1,-1.05243445692884,-0.8575
"27/12/12","18:37:37",4,8,2,2,NA,NA,NA,NA
"28/12/12","08:45:37",4,1,2,2,NA,NA,NA,NA
"28/12/12","09:55:02",4,2,2,1,2,2,-0.0524344569288391,0.1425
"28/12/12","11:15:53",4,3,1,1,2,1,-0.0524344569288391,-0.8575
"28/12/12","12:05:06",4,4,3,2,1,1,-1.05243445692884,-0.8575
"28/12/12","14:45:39",4,5,2,2,3,2,0.947565543071161,0.1425
"28/12/12","16:16:53",4,6,2,4,2,2,-0.0524344569288391,0.1425
"28/12/12","17:17:33",4,7,2,3,2,4,-0.0524344569288391,2.1425
"28/12/12","20:38:16",4,9,1,2,NA,NA,NA,NA
"29/12/12","12:30:42",4,4,1,1,NA,NA,NA,NA
"29/12/12","14:53:34",4,5,1,1,1,1,-1.05243445692884,-0.8575
"29/12/12","15:08:25",4,6,3,2,1,1,-1.05243445692884,-0.8575
"29/12/12","16:38:46",4,7,2,2,3,2,0.947565543071161,0.1425
"29/12/12","20:43:35",4,9,2,2,NA,NA,NA,NA
"30/12/12","08:21:16",4,1,2,3,NA,NA,NA,NA
"30/12/12","09:20:38",4,2,2,3,2,3,-0.0524344569288391,1.1425
"30/12/12","11:25:52",4,3,3,2,2,3,-0.0524344569288391,1.1425
"30/12/12","12:03:15",4,4,2,2,3,2,0.947565543071161,0.1425
"30/12/12","14:30:11",4,5,3,3,2,2,-0.0524344569288391,0.1425
"30/12/12","16:47:54",4,7,2,2,NA,NA,NA,NA
"30/12/12","20:10:26",4,9,2,2,NA,NA,NA,NA
"30/12/12","21:44:08",4,10,3,2,2,2,-0.0524344569288391,0.1425
"31/12/12","08:59:42",4,1,3,3,NA,NA,NA,NA
"31/12/12","10:29:06",4,2,2,2,3,3,0.947565543071161,1.1425
"31/12/12","10:56:47",4,3,1,1,2,2,-0.0524344569288391,0.1425
"31/12/12","13:04:13",4,4,2,2,1,1,-1.05243445692884,-0.8575
"31/12/12","15:13:39",4,6,1,2,NA,NA,NA,NA
"31/12/12","17:58:45",4,7,2,2,1,2,-1.05243445692884,0.1425
"31/12/12","19:25:47",4,8,2,2,2,2,-0.0524344569288391,0.1425
"01/01/13","11:50:12",4,3,3,2,NA,NA,NA,NA
"01/01/13","12:35:56",4,4,3,1,3,2,0.947565543071161,0.1425
"01/01/13","19:46:07",4,9,3,2,NA,NA,NA,NA
"01/01/13","21:50:17",4,10,3,1,3,2,0.947565543071161,0.1425
"02/01/13","10:16:23",4,2,2,1,NA,NA,NA,NA
"02/01/13","12:32:13",4,4,2,1,NA,NA,NA,NA
"02/01/13","16:09:03",4,6,3,2,NA,NA,NA,NA
"02/01/13","18:10:34",4,8,2,3,NA,NA,NA,NA
"03/01/13","08:56:30",4,1,1,1,NA,NA,NA,NA
"03/01/13","09:20:34",4,2,2,2,1,1,-1.05243445692884,-0.8575
"03/01/13","12:39:01",4,4,2,1,NA,NA,NA,NA
"03/01/13","16:04:19",4,6,1,2,NA,NA,NA,NA
"03/01/13","17:05:17",4,7,1,2,1,2,-1.05243445692884,0.1425
"03/01/13","18:36:35",4,8,2,2,1,2,-1.05243445692884,0.1425
"03/01/13","21:12:29",4,10,1,2,NA,NA,NA,NA
"04/01/13","09:54:26",4,2,2,2,NA,NA,NA,NA
"04/01/13","11:12:13",4,3,3,2,2,2,-0.0524344569288391,0.1425
"04/01/13","15:28:30",4,5,3,3,NA,NA,NA,NA
"04/01/13","16:16:25",4,6,3,2,3,3,0.947565543071161,1.1425
"05/01/13","14:53:54",4,5,2,3,NA,NA,NA,NA
"05/01/13","20:42:26",4,9,1,1,NA,NA,NA,NA
"05/01/13","21:30:05",4,10,1,1,1,1,-1.05243445692884,-0.8575
"06/01/13","09:29:57",4,2,2,2,NA,NA,NA,NA
"06/01/13","11:24:14",4,3,1,2,2,2,-0.0524344569288391,0.1425
"06/01/13","20:10:34",4,9,2,2,NA,NA,NA,NA
"06/01/13","21:42:28",4,10,3,2,2,2,-0.0524344569288391,0.1425
"07/01/13","08:58:44",4,1,3,4,NA,NA,NA,NA
"07/01/13","10:30:42",4,2,3,2,3,4,0.947565543071161,2.1425
"07/01/13","13:50:05",4,5,1,2,NA,NA,NA,NA
"07/01/13","15:13:27",4,6,2,2,1,2,-1.05243445692884,0.1425
"07/01/13","17:59:23",4,7,3,3,2,2,-0.0524344569288391,0.1425
"07/01/13","19:25:45",4,8,2,3,3,3,0.947565543071161,1.1425
"07/01/13","21:20:49",4,10,2,2,NA,NA,NA,NA
"08/01/13","08:10:09",4,1,1,2,NA,NA,NA,NA
"08/01/13","09:07:09",4,2,2,1,1,2,-1.05243445692884,0.1425
"08/01/13","11:51:38",4,3,1,1,2,1,-0.0524344569288391,-0.8575
"08/01/13","15:05:35",4,6,2,2,NA,NA,NA,NA
"08/01/13","17:32:16",4,7,2,2,2,2,-0.0524344569288391,0.1425
"08/01/13","21:51:04",4,10,1,3,NA,NA,NA,NA
"09/01/13","10:16:10",4,2,2,2,NA,NA,NA,NA
"09/01/13","11:11:10",4,3,3,2,2,2,-0.0524344569288391,0.1425
"09/01/13","12:32:38",4,4,3,2,3,2,0.947565543071161,0.1425
"09/01/13","14:34:57",4,5,2,2,3,2,0.947565543071161,0.1425
"09/01/13","17:18:40",4,7,1,3,NA,NA,NA,NA
"09/01/13","18:10:28",4,8,2,2,1,3,-1.05243445692884,1.1425
"09/01/13","20:23:21",4,9,2,2,2,2,-0.0524344569288391,0.1425
"09/01/13","21:20:17",4,10,1,3,2,2,-0.0524344569288391,0.1425
"10/01/13","08:56:28",4,1,1,2,NA,NA,NA,NA
"10/01/13","11:02:44",4,3,2,2,NA,NA,NA,NA
"10/01/13","12:38:16",4,4,2,2,2,2,-0.0524344569288391,0.1425
"10/01/13","16:04:47",4,6,2,2,NA,NA,NA,NA
"10/01/13","17:04:28",4,7,2,3,2,2,-0.0524344569288391,0.1425
"10/01/13","18:36:27",4,8,1,2,2,3,-0.0524344569288391,1.1425
"10/01/13","19:56:11",4,9,3,3,1,2,-1.05243445692884,0.1425
"10/01/13","21:12:24",4,10,1,1,3,3,0.947565543071161,1.1425
"11/01/13","08:44:45",4,1,1,1,NA,NA,NA,NA
"11/01/13","09:55:02",4,2,3,2,1,1,-1.05243445692884,-0.8575
"11/01/13","14:43:27",4,5,3,2,NA,NA,NA,NA
"11/01/13","16:16:41",4,6,3,3,3,2,0.947565543071161,0.1425
"11/01/13","17:16:16",4,7,3,3,3,3,0.947565543071161,1.1425
"11/01/13","21:20:50",4,10,1,1,NA,NA,NA,NA
"12/01/13","09:04:25",4,2,3,2,NA,NA,NA,NA
"12/01/13","12:30:43",4,4,2,1,NA,NA,NA,NA
"12/01/13","14:52:28",4,5,2,1,2,1,-0.0524344569288391,-0.8575
"12/01/13","15:08:30",4,6,3,2,2,1,-0.0524344569288391,-0.8575
"12/01/13","18:47:24",4,8,2,2,NA,NA,NA,NA
"12/01/13","20:42:29",4,9,1,2,2,2,-0.0524344569288391,0.1425
"13/01/13","09:20:20",4,2,3,2,NA,NA,NA,NA
"13/01/13","11:24:29",4,3,2,1,3,2,0.947565543071161,0.1425
"13/01/13","14:29:00",4,5,3,2,NA,NA,NA,NA
"13/01/13","18:39:32",4,8,4,3,NA,NA,NA,NA
"13/01/13","20:09:42",4,9,4,3,4,3,1.94756554307116,1.1425
"13/01/13","21:42:29",4,10,2,2,4,3,1.94756554307116,1.1425
"14/01/13","08:59:51",4,1,3,2,NA,NA,NA,NA
"14/01/13","10:29:33",4,2,3,1,3,2,0.947565543071161,0.1425
"14/01/13","10:56:45",4,3,2,1,3,1,0.947565543071161,-0.8575
"14/01/13","13:49:49",4,5,2,1,NA,NA,NA,NA
"14/01/13","15:13:53",4,6,1,1,2,1,-0.0524344569288391,-0.8575
"14/01/13","17:58:23",4,7,1,1,1,1,-1.05243445692884,-0.8575
"14/01/13","19:25:47",4,8,2,2,1,1,-1.05243445692884,-0.8575
"14/01/13","19:41:31",4,9,2,3,2,2,-0.0524344569288391,0.1425
"15/01/13","09:07:26",5,2,2,2,NA,NA,NA,NA
"15/01/13","11:51:09",5,3,2,1,2,2,-0.0524344569288391,0.1425
"15/01/13","12:35:30",5,4,3,2,2,1,-0.0524344569288391,-0.8575
"15/01/13","14:16:38",5,5,3,2,3,2,0.947565543071161,0.1425
"16/01/13","07:32:11",5,1,1,2,NA,NA,NA,NA
"16/01/13","10:20:00",5,2,2,1,1,2,-1.05243445692884,0.1425
"16/01/13","11:08:11",5,3,3,2,2,1,-0.0524344569288391,-0.8575
"16/01/13","12:32:58",5,4,3,1,3,2,0.947565543071161,0.1425
"16/01/13","17:18:58",5,7,3,2,NA,NA,NA,NA
"16/01/13","18:10:42",5,8,2,2,3,2,0.947565543071161,0.1425
"16/01/13","21:20:11",5,10,1,2,NA,NA,NA,NA
"17/01/13","08:56:11",5,1,2,2,NA,NA,NA,NA
"17/01/13","11:03:18",5,3,2,1,NA,NA,NA,NA
"17/01/13","12:38:40",5,4,3,3,2,1,-0.0524344569288391,-0.8575
"17/01/13","14:24:28",5,5,1,2,3,3,0.947565543071161,1.1425
"17/01/13","17:04:12",5,7,1,2,NA,NA,NA,NA
"17/01/13","19:56:49",5,9,2,2,NA,NA,NA,NA
"18/01/13","08:45:02",5,1,2,2,NA,NA,NA,NA
"18/01/13","09:56:46",5,2,2,2,2,2,-0.0524344569288391,0.1425
"18/01/13","11:12:12",5,3,3,3,2,2,-0.0524344569288391,0.1425
"18/01/13","12:04:35",5,4,4,3,3,3,0.947565543071161,1.1425
"18/01/13","14:43:44",5,5,2,2,4,3,1.94756554307116,1.1425
"18/01/13","16:15:25",5,6,4,2,2,2,-0.0524344569288391,0.1425
"18/01/13","17:16:33",5,7,4,3,4,2,1.94756554307116,0.1425
"18/01/13","18:11:26",5,8,2,2,4,3,1.94756554307116,1.1425
"18/01/13","20:39:20",5,9,3,3,2,2,-0.0524344569288391,0.1425
"19/01/13","07:57:28",5,1,4,3,NA,NA,NA,NA
"19/01/13","09:04:22",5,2,3,3,4,3,1.94756554307116,1.1425
"19/01/13","14:53:14",5,5,2,2,NA,NA,NA,NA
"19/01/13","16:39:56",5,7,1,1,NA,NA,NA,NA
"19/01/13","18:46:27",5,8,1,2,1,1,-1.05243445692884,-0.8575
"19/01/13","21:30:11",5,10,1,2,NA,NA,NA,NA
"20/01/13","08:21:47",5,1,2,3,NA,NA,NA,NA
"20/01/13","09:20:22",5,2,2,1,2,3,-0.0524344569288391,1.1425
"20/01/13","15:51:09",5,6,2,2,NA,NA,NA,NA
"20/01/13","18:39:33",5,8,3,3,NA,NA,NA,NA
"20/01/13","20:09:11",5,9,3,3,3,3,0.947565543071161,1.1425
"21/01/13","08:58:08",5,1,3,2,NA,NA,NA,NA
"21/01/13","10:56:19",5,3,3,2,NA,NA,NA,NA
"21/01/13","13:04:23",5,4,3,3,3,2,0.947565543071161,0.1425
"21/01/13","15:13:43",5,6,2,1,NA,NA,NA,NA
"21/01/13","19:25:26",5,8,1,1,NA,NA,NA,NA
"21/01/13","21:21:05",5,10,1,1,NA,NA,NA,NA
"22/01/13","08:11:00",5,1,4,2,NA,NA,NA,NA
"22/01/13","09:07:46",5,2,3,2,4,2,1.94756554307116,0.1425
"22/01/13","11:51:01",5,3,2,2,3,2,0.947565543071161,0.1425
"22/01/13","12:35:36",5,4,2,2,2,2,-0.0524344569288391,0.1425
"22/01/13","15:04:42",5,6,1,1,NA,NA,NA,NA
"22/01/13","17:33:20",5,7,2,1,1,1,-1.05243445692884,-0.8575
"22/01/13","19:45:29",5,9,2,1,NA,NA,NA,NA
"23/01/13","10:16:33",5,2,2,1,NA,NA,NA,NA
"23/01/13","11:09:54",5,3,2,1,2,1,-0.0524344569288391,-0.8575
"23/01/13","14:34:50",5,5,2,2,NA,NA,NA,NA
"23/01/13","16:09:02",5,6,3,2,2,2,-0.0524344569288391,0.1425
"23/01/13","18:10:26",5,8,3,3,NA,NA,NA,NA
"24/01/13","08:57:06",5,1,2,1,NA,NA,NA,NA
"24/01/13","11:03:23",5,3,2,2,NA,NA,NA,NA
"24/01/13","12:38:36",5,4,3,2,2,2,-0.0524344569288391,0.1425
"24/01/13","14:23:30",5,5,3,2,3,2,0.947565543071161,0.1425
"24/01/13","17:04:29",5,7,2,2,NA,NA,NA,NA
"24/01/13","18:36:53",5,8,1,2,2,2,-0.0524344569288391,0.1425
"24/01/13","19:56:26",5,9,1,2,1,2,-1.05243445692884,0.1425
"25/01/13","08:44:18",5,1,3,2,NA,NA,NA,NA
"25/01/13","09:54:44",5,2,3,2,3,2,0.947565543071161,0.1425
"25/01/13","11:12:35",5,3,3,2,3,2,0.947565543071161,0.1425
"25/01/13","15:30:45",5,5,3,2,NA,NA,NA,NA
"25/01/13","18:11:48",5,8,3,2,NA,NA,NA,NA
"26/01/13","07:57:18",5,1,3,3,NA,NA,NA,NA
"26/01/13","09:04:44",5,2,5,2,3,3,0.947565543071161,1.1425
"26/01/13","12:30:22",5,4,5,3,NA,NA,NA,NA
"26/01/13","16:38:23",5,7,3,2,NA,NA,NA,NA
"26/01/13","18:46:59",5,8,2,1,3,2,0.947565543071161,0.1425
"26/01/13","21:30:17",5,10,1,2,NA,NA,NA,NA
"27/01/13","08:20:27",5,1,4,3,NA,NA,NA,NA
"27/01/13","09:20:30",5,2,3,3,4,3,1.94756554307116,1.1425
"27/01/13","11:24:36",5,3,4,2,3,3,0.947565543071161,1.1425
"27/01/13","14:28:11",5,5,2,1,NA,NA,NA,NA
"27/01/13","15:51:43",5,6,3,2,2,1,-0.0524344569288391,-0.8575
"27/01/13","18:39:19",5,8,3,3,NA,NA,NA,NA
"27/01/13","20:12:43",5,9,1,2,3,3,0.947565543071161,1.1425
"28/01/13","08:59:58",5,1,4,1,NA,NA,NA,NA
"28/01/13","10:28:21",5,2,2,1,4,1,1.94756554307116,-0.8575
"28/01/13","13:03:28",5,4,3,2,NA,NA,NA,NA
"28/01/13","15:13:27",5,6,3,2,NA,NA,NA,NA
"28/01/13","17:58:21",5,7,1,1,3,2,0.947565543071161,0.1425
"28/01/13","19:41:10",5,9,1,2,NA,NA,NA,NA
"28/01/13","21:20:58",5,10,1,2,1,2,-1.05243445692884,0.1425
"29/01/13","08:10:38",5,1,1,1,NA,NA,NA,NA
"29/01/13","11:50:25",5,3,1,1,NA,NA,NA,NA
"29/01/13","12:35:49",5,4,2,2,1,1,-1.05243445692884,-0.8575
"29/01/13","14:16:10",5,5,2,2,2,2,-0.0524344569288391,0.1425
"29/01/13","15:04:39",5,6,2,2,2,2,-0.0524344569288391,0.1425
"29/01/13","17:32:29",5,7,2,3,2,2,-0.0524344569288391,0.1425
"29/01/13","18:05:42",5,8,2,3,2,3,-0.0524344569288391,1.1425
"30/01/13","07:32:27",5,1,1,1,NA,NA,NA,NA
"30/01/13","10:16:35",5,2,2,1,1,1,-1.05243445692884,-0.8575
"30/01/13","16:09:07",5,6,1,2,NA,NA,NA,NA
"30/01/13","20:24:37",5,9,2,2,NA,NA,NA,NA
"30/01/13","21:20:45",5,10,2,2,2,2,-0.0524344569288391,0.1425
"31/01/13","08:56:30",5,1,2,1,NA,NA,NA,NA
"31/01/13","12:38:08",5,4,1,1,NA,NA,NA,NA
"31/01/13","14:24:19",5,5,1,1,1,1,-1.05243445692884,-0.8575
"31/01/13","16:04:26",5,6,1,2,1,1,-1.05243445692884,-0.8575
"31/01/13","19:56:27",5,9,1,1,NA,NA,NA,NA
"01/02/13","08:45:29",5,1,1,1,NA,NA,NA,NA
"01/02/13","09:55:19",5,2,1,1,1,1,-1.05243445692884,-0.8575
"01/02/13","12:04:29",5,4,2,2,NA,NA,NA,NA
"01/02/13","16:15:16",5,6,1,2,NA,NA,NA,NA
"01/02/13","18:11:42",5,8,2,4,NA,NA,NA,NA
"01/02/13","21:20:41",5,10,2,2,NA,NA,NA,NA
"02/02/13","07:57:59",5,1,2,3,NA,NA,NA,NA
"02/02/13","09:04:12",5,2,4,3,2,3,-0.0524344569288391,1.1425
"02/02/13","11:36:05",5,3,2,2,4,3,1.94756554307116,1.1425
"02/02/13","15:09:14",5,6,3,2,NA,NA,NA,NA
"02/02/13","16:39:08",5,7,4,3,3,2,0.947565543071161,0.1425
"02/02/13","18:46:38",5,8,1,1,4,3,1.94756554307116,1.1425
"03/02/13","11:24:29",5,3,2,2,NA,NA,NA,NA
"03/02/13","18:39:54",5,8,2,2,NA,NA,NA,NA
"04/02/13","08:58:29",5,1,3,1,NA,NA,NA,NA
"04/02/13","10:28:18",5,2,4,1,3,1,0.947565543071161,-0.8575
"04/02/13","13:04:23",5,4,NA,NA,NA,NA,NA,NA
"04/02/13","13:50:18",5,5,4,3,NA,NA,NA,NA
"04/02/13","17:58:26",5,7,2,2,NA,NA,NA,NA
"04/02/13","19:25:14",5,8,2,2,2,2,-0.0524344569288391,0.1425
"05/02/13","08:10:29",5,1,1,1,NA,NA,NA,NA
"05/02/13","14:16:31",5,5,1,1,NA,NA,NA,NA
"05/02/13","17:32:37",5,7,1,1,NA,NA,NA,NA
"05/02/13","18:05:48",5,8,1,1,1,1,-1.05243445692884,-0.8575
"06/02/13","07:33:05",5,1,1,2,NA,NA,NA,NA
"06/02/13","10:17:22",5,2,3,2,1,2,-1.05243445692884,0.1425
"06/02/13","14:34:26",5,5,3,2,NA,NA,NA,NA
"06/02/13","16:08:25",5,6,3,2,3,2,0.947565543071161,0.1425
"06/02/13","18:11:42",5,8,1,2,NA,NA,NA,NA
"06/02/13","21:20:44",5,10,2,2,NA,NA,NA,NA
"07/02/13","08:56:16",5,1,1,1,NA,NA,NA,NA
"07/02/13","11:02:42",5,3,2,1,NA,NA,NA,NA
"07/02/13","12:39:13",5,4,1,1,2,1,-0.0524344569288391,-0.8575
"08/02/13","08:45:50",5,1,5,1,NA,NA,NA,NA
"08/02/13","09:55:01",5,2,4,2,5,1,2.94756554307116,-0.8575
"08/02/13","11:12:35",5,3,3,1,4,2,1.94756554307116,0.1425
"08/02/13","14:43:41",5,5,3,2,NA,NA,NA,NA
"09/02/13","11:38:08",5,3,1,1,NA,NA,NA,NA
"09/02/13","20:43:00",5,9,1,1,NA,NA,NA,NA
"10/02/13","08:21:56",5,1,1,1,NA,NA,NA,NA
"10/02/13","15:51:40",5,6,1,1,NA,NA,NA,NA
"10/02/13","16:48:08",5,7,1,1,1,1,-1.05243445692884,-0.8575
"10/02/13","18:39:58",5,8,1,2,1,1,-1.05243445692884,-0.8575
"10/02/13","20:10:07",5,9,1,2,1,2,-1.05243445692884,0.1425
"11/02/13","08:59:18",5,1,2,1,NA,NA,NA,NA
"11/02/13","13:51:00",5,5,1,1,NA,NA,NA,NA
"11/02/13","15:13:46",5,6,1,2,1,1,-1.05243445692884,-0.8575
"11/02/13","18:03:12",5,7,1,1,1,2,-1.05243445692884,0.1425
"11/02/13","19:41:38",5,9,1,1,NA,NA,NA,NA
"11/02/13","21:20:11",5,10,2,2,1,1,-1.05243445692884,-0.8575
"12/02/13","08:10:44",5,1,2,2,NA,NA,NA,NA
"12/02/13","09:07:37",5,2,2,2,2,2,-0.0524344569288391,0.1425
"12/02/13","11:50:24",5,3,1,1,2,2,-0.0524344569288391,0.1425
"12/02/13","12:35:09",5,4,2,1,1,1,-1.05243445692884,-0.8575
"12/02/13","14:16:49",5,5,2,2,2,1,-0.0524344569288391,-0.8575
"12/02/13","15:04:26",5,6,2,2,2,2,-0.0524344569288391,0.1425
"12/02/13","18:05:26",5,8,1,2,NA,NA,NA,NA
"13/02/13","07:32:22",5,1,1,2,NA,NA,NA,NA
"13/02/13","11:08:48",5,3,1,1,NA,NA,NA,NA
"13/02/13","12:32:15",5,4,1,1,1,1,-1.05243445692884,-0.8575
"13/02/13","18:10:59",5,8,1,2,NA,NA,NA,NA
"13/02/13","21:20:26",5,10,1,1,NA,NA,NA,NA
"14/02/13","08:56:10",5,1,3,2,NA,NA,NA,NA
"14/02/13","09:20:13",5,2,2,1,3,2,0.947565543071161,0.1425
"14/02/13","11:02:27",5,3,2,1,2,1,-0.0524344569288391,-0.8575
"14/02/13","12:39:28",5,4,2,1,2,1,-0.0524344569288391,-0.8575
"14/02/13","14:22:54",5,5,2,2,2,1,-0.0524344569288391,-0.8575
"14/02/13","16:04:28",5,6,2,2,2,2,-0.0524344569288391,0.1425
"14/02/13","17:05:18",5,7,1,2,2,2,-0.0524344569288391,0.1425
"14/02/13","18:37:03",5,8,2,2,1,2,-1.05243445692884,0.1425
"14/02/13","19:56:33",5,9,2,3,2,2,-0.0524344569288391,0.1425
"14/02/13","21:13:04",5,10,3,2,2,3,-0.0524344569288391,1.1425
"15/02/13","08:44:29",5,1,3,2,NA,NA,NA,NA
"15/02/13","09:54:28",5,2,2,1,3,2,0.947565543071161,0.1425
"15/02/13","11:12:21",5,3,1,1,2,1,-0.0524344569288391,-0.8575
"15/02/13","12:04:20",5,4,3,2,1,1,-1.05243445692884,-0.8575
"15/02/13","16:15:27",5,6,1,2,NA,NA,NA,NA
"15/02/13","18:12:00",5,8,1,2,NA,NA,NA,NA
"16/02/13","08:30:40",5,1,4,2,NA,NA,NA,NA
"16/02/13","09:05:19",5,2,3,1,4,2,1.94756554307116,0.1425
"16/02/13","11:37:19",5,3,4,1,3,1,0.947565543071161,-0.8575
"16/02/13","12:31:28",5,4,2,1,4,1,1.94756554307116,-0.8575
"16/02/13","14:52:35",5,5,3,2,2,1,-0.0524344569288391,-0.8575
"16/02/13","15:08:41",5,6,2,1,3,2,0.947565543071161,0.1425
"16/02/13","18:46:45",5,8,1,1,NA,NA,NA,NA
"16/02/13","20:42:21",5,9,2,2,1,1,-1.05243445692884,-0.8575
"16/02/13","21:30:26",5,10,1,2,2,2,-0.0524344569288391,0.1425
"17/02/13","08:20:36",5,1,2,2,NA,NA,NA,NA
"17/02/13","09:20:24",5,2,2,1,2,2,-0.0524344569288391,0.1425
"17/02/13","11:25:13",5,3,1,1,2,1,-0.0524344569288391,-0.8575
"17/02/13","12:03:28",5,4,1,1,1,1,-1.05243445692884,-0.8575
"17/02/13","14:28:25",5,5,1,1,1,1,-1.05243445692884,-0.8575
"17/02/13","15:51:09",5,6,1,2,1,1,-1.05243445692884,-0.8575
"17/02/13","18:39:32",5,8,1,2,NA,NA,NA,NA
"17/02/13","20:09:27",5,9,2,2,1,2,-1.05243445692884,0.1425
"18/02/13","10:28:15",5,2,1,2,NA,NA,NA,NA
"18/02/13","13:03:12",5,4,2,2,NA,NA,NA,NA
"18/02/13","13:49:11",5,5,3,2,2,2,-0.0524344569288391,0.1425
"18/02/13","15:13:29",5,6,1,1,3,2,0.947565543071161,0.1425
"18/02/13","17:58:28",5,7,2,3,1,1,-1.05243445692884,-0.8575
"18/02/13","19:25:36",5,8,1,3,2,3,-0.0524344569288391,1.1425
"18/02/13","19:41:16",5,9,1,2,1,3,-1.05243445692884,1.1425
"18/02/13","21:20:13",5,10,2,1,1,2,-1.05243445692884,0.1425
"19/02/13","08:10:14",5,1,1,2,NA,NA,NA,NA
"19/02/13","11:51:06",5,3,2,1,NA,NA,NA,NA
"19/02/13","14:16:59",5,5,1,2,NA,NA,NA,NA
"19/02/13","15:05:14",5,6,1,2,1,2,-1.05243445692884,0.1425
"19/02/13","17:32:36",5,7,1,2,1,2,-1.05243445692884,0.1425
"19/02/13","18:06:20",5,8,1,2,1,2,-1.05243445692884,0.1425
"19/02/13","19:45:45",5,9,1,2,1,2,-1.05243445692884,0.1425
"20/02/13","07:33:44",5,1,1,2,NA,NA,NA,NA
"20/02/13","10:16:33",5,2,1,1,1,2,-1.05243445692884,0.1425
"20/02/13","11:08:20",5,3,1,1,1,1,-1.05243445692884,-0.8575
"20/02/13","12:32:28",5,4,2,2,1,1,-1.05243445692884,-0.8575
"20/02/13","20:23:21",5,9,1,3,NA,NA,NA,NA
"20/02/13","21:20:46",5,10,1,2,1,3,-1.05243445692884,1.1425
"21/02/13","12:40:53",5,4,1,2,NA,NA,NA,NA
"21/02/13","14:23:31",5,5,1,1,1,2,-1.05243445692884,0.1425
"22/02/13","08:44:34",5,1,2,2,NA,NA,NA,NA
"22/02/13","11:12:30",5,3,3,2,NA,NA,NA,NA
"22/02/13","14:44:01",5,5,2,2,NA,NA,NA,NA
"22/02/13","16:18:02",5,6,1,1,2,2,-0.0524344569288391,0.1425
"22/02/13","18:13:43",5,8,1,1,NA,NA,NA,NA
"22/02/13","20:39:48",5,9,1,1,1,1,-1.05243445692884,-0.8575
"22/02/13","21:21:01",5,10,1,1,1,1,-1.05243445692884,-0.8575
"23/02/13","07:57:35",5,1,1,2,NA,NA,NA,NA
"23/02/13","15:13:05",5,6,1,1,NA,NA,NA,NA
"23/02/13","18:46:15",5,8,2,3,NA,NA,NA,NA
"23/02/13","20:42:09",5,9,3,2,2,3,-0.0524344569288391,1.1425
"23/02/13","21:30:12",5,10,3,3,3,2,0.947565543071161,0.1425
"24/02/13","09:20:19",5,2,4,3,NA,NA,NA,NA
"24/02/13","11:24:32",5,3,3,1,4,3,1.94756554307116,1.1425
"24/02/13","12:03:14",5,4,3,2,3,1,0.947565543071161,-0.8575
"24/02/13","14:28:15",5,5,2,1,3,2,0.947565543071161,0.1425
"24/02/13","15:51:49",5,6,1,1,2,1,-0.0524344569288391,-0.8575
"24/02/13","16:47:08",5,7,2,1,1,1,-1.05243445692884,-0.8575
"24/02/13","20:09:36",5,9,2,1,NA,NA,NA,NA
"24/02/13","21:42:12",5,10,2,2,2,1,-0.0524344569288391,-0.8575
"25/02/13","08:59:19",5,1,2,2,NA,NA,NA,NA
"25/02/13","10:28:48",5,2,4,2,2,2,-0.0524344569288391,0.1425
"25/02/13","10:56:12",5,3,3,3,4,2,1.94756554307116,0.1425
"25/02/13","13:04:26",5,4,3,1,3,3,0.947565543071161,1.1425
"25/02/13","13:49:13",5,5,2,1,3,1,0.947565543071161,-0.8575
"25/02/13","15:14:55",5,6,1,1,2,1,-0.0524344569288391,-0.8575
"25/02/13","19:25:18",5,8,2,1,NA,NA,NA,NA
"25/02/13","19:41:14",5,9,1,1,2,1,-0.0524344569288391,-0.8575
"25/02/13","21:21:42",5,10,1,1,1,1,-1.05243445692884,-0.8575
"26/02/13","09:07:26",5,2,3,3,NA,NA,NA,NA
"26/02/13","11:51:22",5,3,1,1,3,3,0.947565543071161,1.1425
"26/02/13","14:17:47",5,5,3,2,NA,NA,NA,NA
"26/02/13","15:04:11",5,6,3,1,3,2,0.947565543071161,0.1425
"26/02/13","17:32:46",5,7,2,1,3,1,0.947565543071161,-0.8575
"26/02/13","18:05:46",5,8,2,2,2,1,-0.0524344569288391,-0.8575
"26/02/13","19:45:36",5,9,1,2,2,2,-0.0524344569288391,0.1425
"26/02/13","21:50:30",5,10,3,2,1,2,-1.05243445692884,0.1425
"27/02/13","07:32:47",5,1,2,2,NA,NA,NA,NA
"27/02/13","10:16:51",5,2,4,1,2,2,-0.0524344569288391,0.1425
"27/02/13","11:08:28",5,3,2,1,4,1,1.94756554307116,-0.8575
"27/02/13","12:32:12",5,4,1,1,2,1,-0.0524344569288391,-0.8575
"27/02/13","16:08:19",5,6,1,1,NA,NA,NA,NA
"27/02/13","17:18:29",5,7,1,1,1,1,-1.05243445692884,-0.8575
"27/02/13","18:10:29",5,8,2,1,1,1,-1.05243445692884,-0.8575
"27/02/13","20:23:54",5,9,1,3,2,1,-0.0524344569288391,-0.8575
"27/02/13","21:20:14",5,10,2,2,1,3,-1.05243445692884,1.1425
"28/02/13","08:56:13",5,1,3,3,NA,NA,NA,NA
"28/02/13","09:20:10",5,2,4,1,3,3,0.947565543071161,1.1425
"28/02/13","11:02:26",5,3,2,1,4,1,1.94756554307116,-0.8575
"28/02/13","12:39:55",5,4,1,1,2,1,-0.0524344569288391,-0.8575
"28/02/13","14:22:15",5,5,2,1,1,1,-1.05243445692884,-0.8575
"28/02/13","16:04:27",5,6,1,1,2,1,-0.0524344569288391,-0.8575
"28/02/13","17:04:42",5,7,2,2,1,1,-1.05243445692884,-0.8575
"28/02/13","18:36:36",5,8,2,1,2,2,-0.0524344569288391,0.1425
"28/02/13","19:56:12",5,9,5,2,2,1,-0.0524344569288391,-0.8575
"28/02/13","21:12:54",5,10,2,2,5,2,2.94756554307116,0.1425
"01/03/13","11:13:54",5,3,1,1,NA,NA,NA,NA
"01/03/13","14:43:19",5,5,1,1,NA,NA,NA,NA
"01/03/13","16:16:24",5,6,1,1,1,1,-1.05243445692884,-0.8575
"01/03/13","17:16:09",5,7,1,1,1,1,-1.05243445692884,-0.8575
"01/03/13","18:11:30",5,8,1,1,1,1,-1.05243445692884,-0.8575
"01/03/13","20:38:12",5,9,1,1,1,1,-1.05243445692884,-0.8575
"01/03/13","21:20:31",5,10,1,1,1,1,-1.05243445692884,-0.8575
"02/03/13","07:57:26",5,1,1,3,NA,NA,NA,NA
"02/03/13","09:04:48",5,2,2,1,1,3,-1.05243445692884,1.1425
"02/03/13","11:36:11",5,3,1,1,2,1,-0.0524344569288391,-0.8575
"02/03/13","14:52:22",5,5,2,1,NA,NA,NA,NA
"02/03/13","16:38:10",5,7,1,1,NA,NA,NA,NA
"02/03/13","18:47:55",5,8,1,2,1,1,-1.05243445692884,-0.8575
"02/03/13","20:42:27",5,9,1,2,1,2,-1.05243445692884,0.1425
"02/03/13","21:30:43",5,10,1,1,1,2,-1.05243445692884,0.1425
"03/03/13","08:20:10",5,1,1,2,NA,NA,NA,NA
"03/03/13","09:21:19",5,2,1,1,1,2,-1.05243445692884,0.1425
"03/03/13","14:28:26",5,5,2,2,NA,NA,NA,NA
"03/03/13","15:51:10",5,6,2,1,2,2,-0.0524344569288391,0.1425
"03/03/13","16:47:47",5,7,2,2,2,1,-0.0524344569288391,-0.8575
"03/03/13","20:09:09",5,9,1,1,NA,NA,NA,NA
"04/03/13","08:58:43",5,1,1,1,NA,NA,NA,NA
"04/03/13","10:28:32",5,2,1,1,1,1,-1.05243445692884,-0.8575
"04/03/13","15:13:41",5,6,1,2,NA,NA,NA,NA
"04/03/13","17:59:47",5,7,2,1,1,2,-1.05243445692884,0.1425
"04/03/13","19:25:31",5,8,1,1,2,1,-0.0524344569288391,-0.8575
"04/03/13","21:20:11",5,10,2,2,NA,NA,NA,NA
"05/03/13","08:10:10",5,1,2,1,NA,NA,NA,NA
"05/03/13","09:07:27",5,2,2,2,2,1,-0.0524344569288391,-0.8575
"05/03/13","11:50:27",5,3,2,1,2,2,-0.0524344569288391,0.1425
"05/03/13","15:05:39",5,6,1,1,NA,NA,NA,NA
"05/03/13","17:33:08",5,7,1,2,1,1,-1.05243445692884,-0.8575
"05/03/13","18:06:41",5,8,2,2,1,2,-1.05243445692884,0.1425
"06/03/13","10:16:15",5,2,2,2,NA,NA,NA,NA
"06/03/13","11:09:36",5,3,3,2,2,2,-0.0524344569288391,0.1425
"06/03/13","14:35:19",5,5,2,2,NA,NA,NA,NA
"06/03/13","16:08:44",5,6,3,3,2,2,-0.0524344569288391,0.1425
"06/03/13","18:13:34",5,8,2,3,NA,NA,NA,NA
"07/03/13","08:56:45",5,1,3,2,NA,NA,NA,NA
"07/03/13","14:22:27",5,5,3,3,NA,NA,NA,NA
"08/03/13","08:44:44",5,1,2,2,NA,NA,NA,NA
"08/03/13","11:12:13",5,3,2,1,NA,NA,NA,NA
"08/03/13","12:04:28",5,4,2,1,2,1,-0.0524344569288391,-0.8575
"08/03/13","21:23:51",5,10,3,3,NA,NA,NA,NA
"09/03/13","09:04:21",5,2,5,3,NA,NA,NA,NA
"09/03/13","11:36:18",5,3,5,2,5,3,2.94756554307116,1.1425
"09/03/13","12:30:11",5,4,4,2,5,2,2.94756554307116,0.1425
"09/03/13","14:52:34",5,5,4,2,4,2,1.94756554307116,0.1425
"09/03/13","15:08:33",5,6,5,3,4,2,1.94756554307116,0.1425
"09/03/13","18:46:15",5,8,2,2,NA,NA,NA,NA
"09/03/13","21:30:27",5,10,2,1,NA,NA,NA,NA
"10/03/13","08:20:55",5,1,5,4,NA,NA,NA,NA
"10/03/13","09:20:46",5,2,4,3,5,4,2.94756554307116,2.1425
"10/03/13","11:24:11",5,3,3,2,4,3,1.94756554307116,1.1425
"10/03/13","12:03:31",5,4,4,1,3,2,0.947565543071161,0.1425
"10/03/13","20:09:25",5,9,2,2,NA,NA,NA,NA
"11/03/13","08:58:29",5,1,2,2,NA,NA,NA,NA
"11/03/13","10:28:23",5,2,3,2,2,2,-0.0524344569288391,0.1425
"11/03/13","13:03:13",5,4,2,1,NA,NA,NA,NA
"11/03/13","13:49:31",5,5,3,2,2,1,-0.0524344569288391,-0.8575
"11/03/13","15:13:38",5,6,2,2,3,2,0.947565543071161,0.1425
"11/03/13","17:58:56",5,7,3,3,2,2,-0.0524344569288391,0.1425
"11/03/13","19:25:44",5,8,2,2,3,3,0.947565543071161,1.1425
"11/03/13","19:41:42",5,9,1,2,2,2,-0.0524344569288391,0.1425
"11/03/13","21:20:14",5,10,1,2,1,2,-1.05243445692884,0.1425
"12/03/13","08:10:25",5,1,1,3,NA,NA,NA,NA
"12/03/13","09:07:10",5,2,2,3,1,3,-1.05243445692884,1.1425
"12/03/13","11:50:18",5,3,2,2,2,3,-0.0524344569288391,1.1425
"12/03/13","17:52:47",5,7,1,2,NA,NA,NA,NA
"12/03/13","19:08:12",5,8,2,2,1,2,-1.05243445692884,0.1425
"12/03/13","20:59:35",5,9,1,3,2,2,-0.0524344569288391,0.1425
"13/03/13","07:40:28",5,1,1,2,NA,NA,NA,NA
"13/03/13","09:04:26",5,2,1,2,1,2,-1.05243445692884,0.1425
"13/03/13","13:31:26",5,5,1,2,NA,NA,NA,NA
"13/03/13","16:10:25",5,6,2,2,1,2,-1.05243445692884,0.1425
"13/03/13","17:09:27",5,7,3,2,2,2,-0.0524344569288391,0.1425
"13/03/13","18:32:28",5,8,2,2,3,2,0.947565543071161,0.1425
"13/03/13","20:02:28",5,9,2,2,2,2,-0.0524344569288391,0.1425
"13/03/13","22:08:49",5,10,2,2,2,2,-0.0524344569288391,0.1425
"14/03/13","07:30:39",5,1,3,3,NA,NA,NA,NA
"14/03/13","10:07:17",5,2,3,2,3,3,0.947565543071161,1.1425
"14/03/13","11:28:26",5,3,2,1,3,2,0.947565543071161,0.1425
"14/03/13","12:44:02",5,4,2,2,2,1,-0.0524344569288391,-0.8575
"14/03/13","14:44:08",5,5,1,2,2,2,-0.0524344569288391,0.1425
"14/03/13","19:52:25",5,9,1,1,NA,NA,NA,NA
"14/03/13","21:49:42",5,10,1,1,1,1,-1.05243445692884,-0.8575
"15/03/13","10:00:26",5,2,2,1,NA,NA,NA,NA
"15/03/13","12:51:29",5,4,2,2,NA,NA,NA,NA
"15/03/13","17:34:57",5,7,3,2,NA,NA,NA,NA
"16/03/13","09:59:11",5,2,1,1,NA,NA,NA,NA
"16/03/13","11:33:56",5,3,2,1,1,1,-1.05243445692884,-0.8575
"16/03/13","17:42:22",5,7,2,2,NA,NA,NA,NA
"16/03/13","18:04:11",5,8,2,2,2,2,-0.0524344569288391,0.1425
"17/03/13","08:46:08",5,1,2,1,NA,NA,NA,NA
"17/03/13","10:08:33",5,2,2,1,2,1,-0.0524344569288391,-0.8575
"17/03/13","11:57:04",5,3,2,2,2,1,-0.0524344569288391,-0.8575
"17/03/13","15:37:41",5,6,2,2,NA,NA,NA,NA
"17/03/13","17:13:06",5,7,1,2,2,2,-0.0524344569288391,0.1425
"17/03/13","19:29:24",5,8,1,2,1,2,-1.05243445692884,0.1425
"17/03/13","20:08:16",5,9,1,1,1,2,-1.05243445692884,0.1425
"17/03/13","21:40:12",5,10,1,2,1,1,-1.05243445692884,-0.8575
"18/03/13","12:42:09",5,4,2,2,NA,NA,NA,NA
"18/03/13","14:49:02",5,5,3,2,2,2,-0.0524344569288391,0.1425
"18/03/13","15:59:47",5,6,NA,NA,3,2,0.947565543071161,0.1425
"18/03/13","19:28:13",5,8,2,2,NA,NA,NA,NA
"19/03/13","08:12:09",5,1,2,2,NA,NA,NA,NA
"19/03/13","10:34:28",5,3,2,1,NA,NA,NA,NA
"19/03/13","17:52:48",5,7,2,3,NA,NA,NA,NA
"20/03/13","07:38:20",5,1,1,2,NA,NA,NA,NA
"20/03/13","11:00:15",5,3,2,2,NA,NA,NA,NA
"20/03/13","16:10:52",5,6,2,2,NA,NA,NA,NA
"20/03/13","22:08:15",5,10,2,2,NA,NA,NA,NA
"21/03/13","07:30:46",5,1,2,1,NA,NA,NA,NA
"21/03/13","10:13:11",5,2,2,2,2,1,-0.0524344569288391,-0.8575
"21/03/13","19:52:22",5,9,1,4,NA,NA,NA,NA
"21/03/13","21:48:12",5,10,3,4,1,4,-1.05243445692884,2.1425
"22/03/13","09:56:37",5,2,2,3,NA,NA,NA,NA
"22/03/13","11:32:09",5,3,3,2,2,3,-0.0524344569288391,1.1425
"22/03/13","12:52:30",5,4,2,3,3,2,0.947565543071161,0.1425
"22/03/13","14:18:37",5,5,2,4,2,3,-0.0524344569288391,1.1425
"22/03/13","16:21:08",5,6,2,3,2,4,-0.0524344569288391,2.1425
"22/03/13","18:59:19",5,8,1,1,NA,NA,NA,NA
"23/03/13","07:49:45",5,1,2,2,NA,NA,NA,NA
"23/03/13","09:59:53",5,2,1,1,2,2,-0.0524344569288391,0.1425
"23/03/13","13:51:28",5,5,1,1,NA,NA,NA,NA
"23/03/13","17:40:12",5,7,2,3,NA,NA,NA,NA
"23/03/13","20:15:18",5,9,1,1,NA,NA,NA,NA
"24/03/13","08:47:37",5,1,2,2,NA,NA,NA,NA
"24/03/13","11:57:24",5,3,2,1,NA,NA,NA,NA
"24/03/13","19:29:10",5,8,2,2,NA,NA,NA,NA
"24/03/13","20:07:21",5,9,2,2,2,2,-0.0524344569288391,0.1425
"24/03/13","21:41:00",5,10,2,2,2,2,-0.0524344569288391,0.1425
"25/03/13","08:41:10",5,1,4,2,NA,NA,NA,NA
"25/03/13","09:32:12",5,2,4,3,4,2,1.94756554307116,0.1425
"25/03/13","10:44:29",5,3,2,1,4,3,1.94756554307116,1.1425
"25/03/13","14:48:10",5,5,3,2,NA,NA,NA,NA
"25/03/13","15:59:27",5,6,3,3,3,2,0.947565543071161,0.1425
"25/03/13","17:57:09",5,7,2,3,3,3,0.947565543071161,1.1425
"25/03/13","19:28:42",5,8,1,3,2,3,-0.0524344569288391,1.1425
"25/03/13","20:25:26",5,9,2,3,1,3,-1.05243445692884,1.1425
"25/03/13","21:32:13",5,10,2,3,2,3,-0.0524344569288391,1.1425
"26/03/13","08:13:37",5,1,1,1,NA,NA,NA,NA
"26/03/13","09:01:16",5,2,2,1,1,1,-1.05243445692884,-0.8575
"26/03/13","10:34:11",5,3,2,2,2,1,-0.0524344569288391,-0.8575
"26/03/13","12:14:14",5,4,3,2,2,2,-0.0524344569288391,0.1425
"26/03/13","15:26:18",5,6,3,1,NA,NA,NA,NA
"27/03/13","07:38:31",5,1,2,1,NA,NA,NA,NA
"27/03/13","13:31:30",5,5,2,1,NA,NA,NA,NA
"27/03/13","16:10:19",5,6,5,1,2,1,-0.0524344569288391,-0.8575
"27/03/13","18:33:51",5,8,1,1,NA,NA,NA,NA
"28/03/13","10:06:23",5,2,1,1,NA,NA,NA,NA
"28/03/13","11:30:14",5,3,2,1,1,1,-1.05243445692884,-0.8575
"28/03/13","14:44:29",5,5,1,1,NA,NA,NA,NA
"28/03/13","18:08:57",5,8,3,2,NA,NA,NA,NA
"28/03/13","21:49:16",5,10,1,2,NA,NA,NA,NA
"29/03/13","07:46:32",5,1,2,1,NA,NA,NA,NA
"30/03/13","09:59:13",5,2,3,2,2,1,-0.0524344569288391,-0.8575
"30/03/13","21:59:14",5,10,2,1,NA,NA,NA,NA
"31/03/13","11:57:12",5,3,2,1,NA,NA,NA,NA
"31/03/13","12:28:11",5,4,2,1,2,1,-0.0524344569288391,-0.8575
"31/03/13","13:44:29",5,5,2,1,2,1,-0.0524344569288391,-0.8575
"31/03/13","15:37:18",5,6,1,1,2,1,-0.0524344569288391,-0.8575
"31/03/13","19:29:12",5,8,1,2,NA,NA,NA,NA
"01/04/13","08:41:49",5,1,2,2,NA,NA,NA,NA
"01/04/13","09:32:08",5,2,3,2,2,2,-0.0524344569288391,0.1425
"01/04/13","10:44:30",5,3,3,1,3,2,0.947565543071161,0.1425
"01/04/13","14:49:33",5,5,3,2,NA,NA,NA,NA
"01/04/13","19:28:28",5,8,3,1,NA,NA,NA,NA
"02/04/13","08:12:31",5,1,4,3,NA,NA,NA,NA
"02/04/13","09:01:10",5,2,4,4,4,3,1.94756554307116,1.1425
"02/04/13","10:34:10",5,3,4,3,4,4,1.94756554307116,2.1425
"02/04/13","12:15:51",5,4,3,2,4,3,1.94756554307116,1.1425
"02/04/13","15:26:09",5,6,3,2,NA,NA,NA,NA
"02/04/13","17:52:29",5,7,3,2,3,2,0.947565543071161,0.1425
"02/04/13","19:08:18",5,8,2,2,3,2,0.947565543071161,0.1425
"03/04/13","07:38:28",5,1,5,3,NA,NA,NA,NA
"03/04/13","09:04:05",5,2,NA,NA,5,3,2.94756554307116,1.1425
"03/04/13","10:55:11",5,3,3,1,NA,NA,NA,NA
"03/04/13","12:28:22",5,4,4,2,3,1,0.947565543071161,-0.8575
"03/04/13","17:08:28",5,7,2,1,NA,NA,NA,NA
"03/04/13","18:33:46",5,8,2,2,2,1,-0.0524344569288391,-0.8575
"03/04/13","20:02:31",5,9,3,2,2,2,-0.0524344569288391,0.1425
"03/04/13","22:09:36",5,10,3,3,3,2,0.947565543071161,0.1425
"04/04/13","07:30:40",5,1,5,3,NA,NA,NA,NA
"04/04/13","10:06:09",5,2,2,1,5,3,2.94756554307116,1.1425
"04/04/13","16:37:21",5,7,3,2,NA,NA,NA,NA
"04/04/13","18:08:57",5,8,3,3,3,2,0.947565543071161,0.1425
"05/04/13","09:55:17",5,2,3,1,NA,NA,NA,NA
"05/04/13","12:51:11",5,4,2,1,NA,NA,NA,NA
"05/04/13","14:17:10",5,5,3,2,2,1,-0.0524344569288391,-0.8575
"05/04/13","16:22:02",5,6,3,2,3,2,0.947565543071161,0.1425
"05/04/13","17:34:12",5,7,2,2,3,2,0.947565543071161,0.1425
"05/04/13","19:00:00",5,8,2,1,2,2,-0.0524344569288391,0.1425
"05/04/13","19:34:30",5,9,1,2,2,1,-0.0524344569288391,-0.8575
"06/04/13","07:48:20",5,1,1,1,NA,NA,NA,NA
"06/04/13","09:59:52",5,2,2,1,1,1,-1.05243445692884,-0.8575
"07/04/13","10:08:50",5,2,1,1,NA,NA,NA,NA
"07/04/13","11:56:42",5,3,2,1,1,1,-1.05243445692884,-0.8575
"07/04/13","12:29:55",5,4,2,1,2,1,-0.0524344569288391,-0.8575
"07/04/13","20:07:13",5,9,1,1,NA,NA,NA,NA
"07/04/13","21:40:39",5,10,2,2,1,1,-1.05243445692884,-0.8575
"08/04/13","08:41:10",5,1,1,2,NA,NA,NA,NA
"08/04/13","09:32:26",5,2,3,1,1,2,-1.05243445692884,0.1425
"08/04/13","10:44:14",5,3,2,1,3,1,0.947565543071161,-0.8575
"08/04/13","15:59:31",5,6,1,1,NA,NA,NA,NA
"08/04/13","17:58:27",5,7,1,2,1,1,-1.05243445692884,-0.8575
"08/04/13","19:28:10",5,8,1,1,1,2,-1.05243445692884,0.1425
"08/04/13","20:25:11",5,9,1,2,1,1,-1.05243445692884,-0.8575
"08/04/13","21:32:12",5,10,1,2,1,2,-1.05243445692884,0.1425
