"date","time","phase","beep","selfdoubt","tired"
"13/08/12","08:58:56",1,1,1,1
"14/08/12","14:32:09",1,5,2,2
"14/08/12","16:17:13",1,6,1,1
"14/08/12","18:04:10",1,8,1,2
"14/08/12","20:58:23",1,9,3,3
"14/08/12","21:54:15",1,10,2,3
"15/08/12","10:03:13",1,2,2,2
"15/08/12","10:43:24",1,3,2,3
"15/08/12","12:45:09",1,4,3,2
"15/08/12","14:09:46",1,5,2,2
"15/08/12","16:18:56",1,6,3,2
"15/08/12","17:15:53",1,7,1,3
"15/08/12","18:26:28",1,8,2,2
"15/08/12","19:55:59",1,9,3,4
"15/08/12","21:35:17",1,10,1,2
"16/08/12","09:10:59",1,2,2,2
"16/08/12","11:07:47",1,3,3,3
"16/08/12","22:04:25",1,10,2,2
"17/08/12","07:36:40",1,1,2,4
"17/08/12","09:39:47",1,2,1,2
"17/08/12","11:23:53",1,3,2,4
"17/08/12","14:46:29",1,5,2,2
"17/08/12","16:27:39",1,6,3,3
"17/08/12","16:59:02",1,7,1,2
"17/08/12","18:00:49",1,8,2,3
"17/08/12","19:38:46",1,9,2,3
"17/08/12","21:16:07",1,10,1,2
"18/08/12","08:43:25",1,1,1,2
"18/08/12","09:42:46",1,2,2,2
"18/08/12","16:26:48",1,6,1,2
"18/08/12","18:58:58",1,8,2,2
"18/08/12","20:39:27",1,9,2,2
"18/08/12","21:52:10",1,10,2,2
"19/08/12","09:44:40",1,2,3,2
"19/08/12","12:13:25",1,4,3,3
"19/08/12","14:43:21",1,5,2,2
"19/08/12","16:04:32",1,6,2,2
"19/08/12","17:30:28",1,7,2,3
"19/08/12","18:15:12",1,8,1,1
"20/08/12","12:22:58",1,4,3,2
"20/08/12","16:11:32",1,6,2,2
"20/08/12","20:27:57",1,9,1,1
"21/08/12","08:15:06",1,1,1,1
"21/08/12","10:46:09",1,3,3,3
"21/08/12","12:46:22",1,4,2,2
"21/08/12","14:32:11",1,5,4,3
"21/08/12","16:17:12",1,6,2,2
"21/08/12","17:02:49",1,7,1,2
"21/08/12","20:57:17",1,9,1,1
"21/08/12","21:54:07",1,10,1,1
"22/08/12","08:54:11",1,1,3,3
"22/08/12","10:03:47",1,2,2,2
"22/08/12","10:44:58",1,3,2,2
"22/08/12","12:44:39",1,4,3,2
"22/08/12","14:10:05",1,5,1,2
"22/08/12","16:19:43",1,6,1,2
"22/08/12","17:14:47",1,7,2,3
"22/08/12","18:26:48",1,8,1,2
"22/08/12","21:36:35",1,10,1,1
"23/08/12","09:10:47",1,2,1,2
"23/08/12","11:07:26",1,3,1,2
"23/08/12","12:40:12",1,4,3,2
"23/08/12","14:08:11",1,5,1,2
"23/08/12","17:34:08",1,7,3,3
"23/08/12","19:49:33",1,9,2,2
"23/08/12","22:04:10",1,10,2,3
"24/08/12","07:36:27",1,1,3,3
"24/08/12","09:38:49",1,2,3,3
"24/08/12","11:22:46",1,3,3,2
"24/08/12","13:08:39",1,4,2,3
"24/08/12","14:47:41",1,5,1,1
"25/08/12","08:40:17",1,1,1,1
"25/08/12","13:22:21",1,4,1,1
"25/08/12","17:21:38",1,7,2,2
"26/08/12","08:13:23",1,1,2,2
"26/08/12","09:44:36",1,2,3,3
"26/08/12","12:13:27",1,4,2,2
"26/08/12","14:44:50",1,5,1,2
"26/08/12","17:28:18",1,7,2,2
"26/08/12","20:18:22",1,9,2,2
"26/08/12","21:43:14",1,10,2,3
"27/08/12","08:56:28",1,1,3,2
"27/08/12","09:54:18",1,2,3,2
"27/08/12","10:56:42",1,3,3,3
"27/08/12","12:23:01",1,4,2,2
"27/08/12","16:12:04",1,6,2,3
"27/08/12","18:34:12",1,8,2,2
"27/08/12","21:37:03",1,10,2,2
"28/08/12","08:15:23",1,1,3,3
"28/08/12","10:00:27",1,2,2,2
"28/08/12","10:46:20",1,3,2,3
"28/08/12","12:47:50",1,4,2,3
"28/08/12","14:33:26",1,5,1,1
"28/08/12","17:02:47",1,7,2,3
"28/08/12","21:54:11",1,10,2,3
"29/08/12","08:55:41",1,1,3,2
"29/08/12","10:03:12",1,2,1,2
"29/08/12","10:43:13",1,3,2,3
"29/08/12","12:44:30",1,4,1,2
"29/08/12","14:10:19",1,5,2,3
"29/08/12","16:18:16",1,6,3,2
"29/08/12","17:14:15",1,7,3,2
"29/08/12","21:35:31",1,10,3,2
"30/08/12","07:42:37",1,1,3,2
"30/08/12","09:10:17",1,2,2,2
"30/08/12","11:07:17",1,3,2,1
"30/08/12","12:40:41",1,4,1,1
"30/08/12","16:20:17",1,6,1,2
"30/08/12","17:32:13",1,7,2,3
"30/08/12","19:49:14",1,9,1,2
"30/08/12","22:05:20",1,10,1,2
"31/08/12","09:38:14",1,2,3,2
"31/08/12","13:08:28",1,4,2,2
"31/08/12","14:46:12",1,5,2,2
"31/08/12","16:27:34",1,6,2,2
"31/08/12","16:59:00",1,7,2,4
"01/09/12","09:43:49",1,2,1,1
"01/09/12","10:34:15",1,3,1,1
"01/09/12","14:37:12",1,5,2,2
"01/09/12","16:26:16",1,6,1,1
"01/09/12","20:38:12",1,9,1,2
"01/09/12","21:52:54",1,10,1,3
"02/09/12","08:13:58",1,1,3,3
"02/09/12","09:46:55",1,2,1,1
"02/09/12","21:43:33",1,10,1,3
"03/09/12","08:53:09",1,1,1,2
"03/09/12","09:55:03",1,2,1,1
"03/09/12","10:57:11",1,3,1,2
"03/09/12","12:22:31",1,4,3,4
"03/09/12","14:25:15",1,5,2,3
"03/09/12","16:11:12",1,6,1,2
"03/09/12","16:30:28",1,7,2,1
"03/09/12","21:40:12",1,10,1,2
"04/09/12","08:14:16",1,1,1,1
"04/09/12","10:01:27",1,2,2,3
"04/09/12","10:46:43",1,3,1,1
"04/09/12","12:46:08",1,4,3,2
"04/09/12","14:32:35",1,5,3,3
"04/09/12","16:17:40",1,6,1,2
"04/09/12","17:02:43",1,7,1,2
"04/09/12","18:04:32",1,8,1,2
"04/09/12","20:57:23",1,9,2,2
"04/09/12","21:54:17",1,10,1,2
"05/09/12","08:54:31",1,1,1,1
"05/09/12","10:04:16",1,2,1,1
"05/09/12","10:47:56",1,3,1,1
"05/09/12","18:26:09",1,8,1,2
"05/09/12","19:55:16",1,9,1,1
"06/09/12","07:45:18",1,1,1,1
"06/09/12","09:10:50",1,2,2,4
"06/09/12","11:09:28",1,3,2,3
"06/09/12","12:41:02",1,4,2,2
"06/09/12","16:20:47",1,6,3,3
"06/09/12","17:33:36",1,7,1,2
"06/09/12","18:29:42",1,8,1,1
"06/09/12","19:49:33",1,9,1,2
"06/09/12","22:04:32",1,10,3,3
"07/09/12","07:36:49",1,1,2,2
"07/09/12","11:22:10",1,3,2,2
"07/09/12","13:08:29",1,4,1,2
"07/09/12","14:46:55",1,5,2,3
"07/09/12","16:28:14",1,6,2,2
"07/09/12","16:58:44",1,7,2,2
"07/09/12","18:00:41",1,8,1,1
"08/09/12","08:42:30",1,1,2,3
"08/09/12","09:42:29",1,2,1,1
"08/09/12","10:34:39",1,3,2,2
"08/09/12","13:21:42",1,4,2,2
"08/09/12","16:26:08",1,6,2,3
"08/09/12","18:58:46",1,8,2,2
"08/09/12","20:39:35",1,9,2,2
"08/09/12","21:52:20",1,10,2,2
"09/09/12","08:14:19",1,1,3,3
"09/09/12","14:43:45",1,5,2,2
"09/09/12","18:15:42",1,8,1,1
"09/09/12","20:18:35",1,9,1,1
"10/09/12","08:53:06",2,1,1,2
"10/09/12","09:55:56",2,2,3,3
"10/09/12","10:57:18",2,3,3,2
"10/09/12","12:22:08",2,4,3,3
"10/09/12","14:26:12",2,5,2,3
"10/09/12","16:11:51",2,6,2,2
"10/09/12","18:34:27",2,8,1,1
"10/09/12","20:26:24",2,9,1,1
"10/09/12","21:37:30",2,10,1,1
"11/09/12","08:14:07",2,1,1,2
"11/09/12","10:00:07",2,2,3,2
"11/09/12","10:47:23",2,3,2,3
"11/09/12","14:32:16",2,5,2,2
"11/09/12","16:17:18",2,6,3,3
"11/09/12","17:03:08",2,7,2,3
"11/09/12","18:04:30",2,8,1,1
"12/09/12","08:55:39",2,1,2,4
"12/09/12","10:03:15",2,2,1,1
"12/09/12","12:44:18",2,4,1,2
"12/09/12","14:11:29",2,5,1,2
"12/09/12","18:26:06",2,8,2,2
"13/09/12","07:42:07",2,1,4,2
"13/09/12","09:10:59",2,2,3,2
"13/09/12","11:07:11",2,3,2,2
"13/09/12","12:41:45",2,4,1,1
"13/09/12","14:08:06",2,5,1,1
"13/09/12","16:20:05",2,6,1,2
"13/09/12","17:34:01",2,7,1,2
"13/09/12","18:28:14",2,8,1,2
"13/09/12","19:49:41",2,9,1,3
"13/09/12","22:04:53",2,10,2,3
"14/09/12","07:36:14",2,1,1,1
"14/09/12","13:08:33",2,4,1,2
"14/09/12","14:46:40",2,5,1,3
"14/09/12","16:29:15",2,6,1,3
"14/09/12","16:58:23",2,7,1,3
"14/09/12","18:00:29",2,8,1,2
"14/09/12","19:38:40",2,9,1,2
"15/09/12","08:40:45",2,1,1,2
"15/09/12","09:42:51",2,2,2,3
"15/09/12","10:34:34",2,3,3,4
"15/09/12","13:21:12",2,4,2,3
"15/09/12","14:37:09",2,5,2,3
"15/09/12","16:27:06",2,6,3,3
"15/09/12","17:21:40",2,7,3,4
"15/09/12","18:58:10",2,8,1,1
"15/09/12","20:38:27",2,9,1,1
"15/09/12","21:52:10",2,10,2,2
"16/09/12","09:44:39",2,2,1,2
"16/09/12","11:52:58",2,3,2,1
"16/09/12","12:13:40",2,4,1,2
"16/09/12","14:43:17",2,5,3,2
"16/09/12","16:04:30",2,6,1,3
"16/09/12","17:28:49",2,7,1,2
"16/09/12","18:18:37",2,8,1,2
"16/09/12","20:17:28",2,9,1,1
"16/09/12","21:44:15",2,10,2,3
"17/09/12","08:52:16",2,1,2,2
"17/09/12","09:54:15",2,2,2,3
"17/09/12","10:56:22",2,3,1,2
"17/09/12","12:22:22",2,4,1,2
"17/09/12","14:25:30",2,5,2,4
"17/09/12","16:11:11",2,6,2,3
"17/09/12","16:30:49",2,7,3,4
"17/09/12","18:34:38",2,8,1,1
"17/09/12","20:26:30",2,9,1,1
"17/09/12","21:36:16",2,10,2,2
"18/09/12","08:14:30",2,1,3,3
"18/09/12","10:00:22",2,2,2,3
"18/09/12","10:46:17",2,3,2,3
"18/09/12","12:46:48",2,4,1,2
"18/09/12","14:32:43",2,5,3,2
"18/09/12","16:17:14",2,6,3,3
"18/09/12","18:04:09",2,8,2,3
"18/09/12","21:54:43",2,10,1,2
"19/09/12","08:54:15",2,1,2,2
"19/09/12","10:03:30",2,2,3,2
"19/09/12","10:43:08",2,3,3,2
"19/09/12","12:45:15",2,4,3,2
"19/09/12","14:09:46",2,5,2,2
"19/09/12","16:20:12",2,6,1,3
"19/09/12","17:14:51",2,7,1,2
"19/09/12","18:26:26",2,8,1,3
"19/09/12","19:55:09",2,9,2,2
"20/09/12","07:43:24",2,1,3,3
"20/09/12","11:07:29",2,3,2,2
"20/09/12","12:40:53",2,4,2,2
"20/09/12","17:33:23",2,7,3,3
"20/09/12","18:28:26",2,8,1,3
"20/09/12","19:49:51",2,9,2,3
"21/09/12","07:36:10",2,1,1,2
"21/09/12","09:38:42",2,2,1,2
"21/09/12","11:22:43",2,3,1,2
"21/09/12","14:46:16",2,5,3,3
"21/09/12","16:27:28",2,6,2,4
"21/09/12","16:59:05",2,7,2,2
"21/09/12","18:00:11",2,8,1,1
"22/09/12","08:40:22",2,1,2,2
"22/09/12","10:34:27",2,3,1,3
"22/09/12","13:21:28",2,4,2,3
"22/09/12","16:26:12",2,6,1,3
"22/09/12","18:58:12",2,8,2,2
"22/09/12","20:40:19",2,9,2,3
"23/09/12","09:44:51",2,2,1,2
"23/09/12","11:53:14",2,3,1,1
"23/09/12","12:14:00",2,4,1,1
"23/09/12","14:43:22",2,5,1,1
"23/09/12","16:05:09",2,6,1,1
"23/09/12","20:17:12",2,9,2,3
"23/09/12","21:43:10",2,10,2,3
"24/09/12","08:52:40",3,1,2,2
"24/09/12","09:54:40",3,2,3,2
"24/09/12","14:30:03",3,5,2,2
"24/09/12","16:11:25",3,6,3,3
"24/09/12","20:26:15",3,9,1,2
"24/09/12","21:36:15",3,10,2,2
"25/09/12","08:14:14",3,1,1,2
"25/09/12","14:10:59",3,4,1,2
"25/09/12","14:32:09",3,5,2,3
"25/09/12","16:17:57",3,6,1,1
"25/09/12","17:03:33",3,7,1,2
"25/09/12","18:04:14",3,8,1,2
"25/09/12","20:57:44",3,9,2,2
"25/09/12","21:59:46",3,10,1,3
"26/09/12","08:54:29",3,1,2,2
"26/09/12","10:03:33",3,2,2,3
"26/09/12","10:44:22",3,3,1,2
"26/09/12","12:45:52",3,4,3,3
"26/09/12","14:09:10",3,5,3,3
"26/09/12","16:19:38",3,6,3,2
"26/09/12","18:26:32",3,8,1,2
"26/09/12","19:55:11",3,9,2,1
"26/09/12","21:34:26",3,10,2,2
"27/09/12","07:42:31",3,1,1,1
"27/09/12","12:40:29",3,4,1,1
"27/09/12","14:09:11",3,5,1,1
"27/09/12","16:20:27",3,6,1,1
"27/09/12","17:33:05",3,7,1,2
"27/09/12","18:28:07",3,8,1,3
"27/09/12","19:49:44",3,9,1,1
"27/09/12","22:04:49",3,10,1,3
"28/09/12","07:36:06",3,1,3,3
"28/09/12","09:38:46",3,2,1,1
"28/09/12","11:22:26",3,3,1,1
"28/09/12","13:09:01",3,4,2,2
"28/09/12","16:27:47",3,6,1,3
"28/09/12","18:00:13",3,8,2,3
"28/09/12","19:38:31",3,9,2,4
"28/09/12","21:16:31",3,10,3,4
"29/09/12","08:40:10",3,1,1,1
"29/09/12","09:42:24",3,2,2,3
"29/09/12","10:34:16",3,3,3,4
"29/09/12","13:21:48",3,4,2,2
"29/09/12","14:38:17",3,5,1,2
"29/09/12","16:26:34",3,6,3,4
"29/09/12","17:21:10",3,7,2,2
"29/09/12","20:38:32",3,9,1,2
"29/09/12","21:52:17",3,10,3,3
"30/09/12","08:14:04",3,1,1,4
"30/09/12","09:52:07",3,2,2,4
"30/09/12","11:54:37",3,3,3,2
"30/09/12","12:13:30",3,4,3,2
"30/09/12","16:06:12",3,6,3,3
"30/09/12","18:15:12",3,8,3,3
"30/09/12","20:18:25",3,9,1,3
"30/09/12","21:43:29",3,10,2,2
"01/10/12","08:52:50",3,1,2,2
"01/10/12","09:55:10",3,2,1,2
"01/10/12","10:57:06",3,3,3,3
"01/10/12","12:22:48",3,4,3,2
"01/10/12","14:26:51",3,5,3,3
"01/10/12","16:11:46",3,6,2,3
"01/10/12","16:31:05",3,7,1,3
"01/10/12","18:34:53",3,8,1,3
"01/10/12","21:36:34",3,10,1,4
"02/10/12","08:14:12",3,1,3,3
"02/10/12","10:00:32",3,2,2,2
"02/10/12","10:47:44",3,3,2,2
"02/10/12","12:48:11",3,4,3,3
"02/10/12","14:32:22",3,5,3,3
"02/10/12","16:17:17",3,6,3,3
"02/10/12","17:02:37",3,7,3,3
"02/10/12","18:05:24",3,8,1,3
"02/10/12","20:57:34",3,9,1,3
"02/10/12","21:54:19",3,10,1,4
"03/10/12","08:55:25",3,1,4,2
"03/10/12","10:03:49",3,2,4,2
"03/10/12","10:43:12",3,3,3,3
"03/10/12","21:36:40",3,10,3,3
"04/10/12","07:43:33",3,1,1,3
"04/10/12","09:11:09",3,2,2,2
"04/10/12","11:07:45",3,3,1,1
"04/10/12","14:08:16",3,5,3,3
"04/10/12","18:28:28",3,8,2,4
"04/10/12","19:49:15",3,9,2,4
"04/10/12","22:04:26",3,10,3,4
"05/10/12","09:38:50",3,2,3,3
"05/10/12","11:23:24",3,3,2,2
"05/10/12","13:08:56",3,4,3,4
"05/10/12","14:50:05",3,5,1,2
"05/10/12","16:27:29",3,6,3,3
"05/10/12","16:58:34",3,7,4,4
"05/10/12","18:00:24",3,8,3,4
"05/10/12","19:39:49",3,9,2,3
"06/10/12","10:34:56",3,3,2,3
"06/10/12","13:22:34",3,4,2,2
"06/10/12","14:37:20",3,5,3,3
"06/10/12","16:27:54",3,6,3,3
"06/10/12","20:38:43",3,9,1,2
"06/10/12","21:52:24",3,10,1,1
"07/10/12","09:45:04",3,2,3,4
"07/10/12","11:52:29",3,3,2,1
"07/10/12","12:13:13",3,4,2,2
"07/10/12","14:43:36",3,5,2,1
"07/10/12","18:15:14",3,8,1,1
"08/10/12","08:53:45",3,1,1,1
"08/10/12","09:54:45",3,2,2,2
"08/10/12","10:56:15",3,3,3,2
"08/10/12","14:34:43",3,5,2,3
"08/10/12","16:11:17",3,6,3,3
"08/10/12","16:31:48",3,7,3,4
"08/10/12","20:26:46",3,9,1,3
"08/10/12","21:37:52",3,10,3,3
"09/10/12","08:14:26",3,1,3,2
"09/10/12","10:00:25",3,2,4,2
"09/10/12","10:46:49",3,3,2,1
"09/10/12","12:46:16",3,4,2,1
"09/10/12","16:18:16",3,6,3,2
"09/10/12","18:05:16",3,8,1,3
"09/10/12","20:58:20",3,9,1,3
"09/10/12","21:55:11",3,10,1,2
"10/10/12","08:55:52",3,1,2,5
"10/10/12","10:03:55",3,2,3,5
"10/10/12","10:44:06",3,3,1,2
"10/10/12","12:44:14",3,4,1,2
"10/10/12","14:09:32",3,5,2,2
"10/10/12","18:26:17",3,8,1,2
"10/10/12","19:55:47",3,9,2,2
"10/10/12","21:34:53",3,10,1,1
"11/10/12","07:43:38",3,1,1,1
"11/10/12","09:10:15",3,2,1,2
"11/10/12","11:07:44",3,3,2,1
"11/10/12","12:40:54",3,4,2,2
"11/10/12","14:09:50",3,5,3,2
"11/10/12","16:22:13",3,6,1,1
"11/10/12","17:32:19",3,7,2,2
"11/10/12","19:49:30",3,9,1,1
"11/10/12","22:04:11",3,10,1,3
"12/10/12","07:36:45",3,1,1,2
"12/10/12","11:22:42",3,3,2,2
"12/10/12","13:09:10",3,4,3,2
"12/10/12","16:58:48",3,7,4,4
"12/10/12","19:39:13",3,9,2,2
"13/10/12","08:40:37",3,1,2,3
"13/10/12","09:42:29",3,2,2,3
"13/10/12","10:34:54",3,3,2,4
"13/10/12","13:21:59",3,4,2,1
"13/10/12","16:27:51",3,6,1,3
"13/10/12","17:20:32",3,7,2,2
"13/10/12","20:38:27",3,9,1,2
"13/10/12","21:52:14",3,10,1,2
"14/10/12","09:44:18",3,2,1,1
"14/10/12","11:53:26",3,3,1,1
"14/10/12","14:44:42",3,5,2,2
"14/10/12","17:29:56",3,7,1,2
"15/10/12","08:52:58",3,1,1,1
"15/10/12","09:55:30",3,2,1,2
"15/10/12","10:56:38",3,3,1,1
"15/10/12","12:23:13",3,4,1,2
"15/10/12","14:26:08",3,5,2,3
"15/10/12","16:11:16",3,6,1,1
"15/10/12","21:36:45",3,10,1,2
"16/10/12","08:14:36",3,1,2,3
"16/10/12","10:01:02",3,2,1,2
"16/10/12","10:49:31",3,3,1,1
"16/10/12","12:47:07",3,4,2,2
"16/10/12","14:32:15",3,5,2,3
"16/10/12","16:17:59",3,6,3,3
"16/10/12","17:03:30",3,7,2,2
"16/10/12","18:05:37",3,8,1,1
"16/10/12","21:54:26",3,10,2,2
"17/10/12","08:55:26",3,1,3,2
"17/10/12","10:43:28",3,3,3,3
"17/10/12","12:45:10",3,4,3,2
"17/10/12","14:10:34",3,5,3,3
"17/10/12","16:18:15",3,6,3,2
"17/10/12","17:14:45",3,7,4,3
"17/10/12","18:26:29",3,8,2,3
"17/10/12","19:55:53",3,9,2,3
"17/10/12","21:34:58",3,10,1,3
"18/10/12","07:42:43",3,1,1,1
"18/10/12","09:11:56",3,2,1,1
"18/10/12","11:02:14",3,3,2,2
"18/10/12","16:04:10",3,6,3,2
"18/10/12","17:04:10",3,7,3,3
"18/10/12","18:36:09",3,8,3,2
"18/10/12","21:12:40",3,10,2,2
"19/10/12","09:55:39",3,2,2,1
"19/10/12","11:14:01",3,3,3,2
"19/10/12","12:04:12",3,4,2,2
"19/10/12","14:43:16",3,5,1,3
"19/10/12","16:15:11",3,6,1,3
"19/10/12","17:16:12",3,7,3,3
"19/10/12","18:11:43",3,8,1,2
"19/10/12","21:20:16",3,10,1,2
"20/10/12","07:57:58",3,1,3,2
"20/10/12","20:42:59",3,9,1,2
"20/10/12","21:30:13",3,10,1,3
"21/10/12","08:20:47",3,1,1,2
"21/10/12","09:21:22",3,2,1,1
"21/10/12","14:28:43",3,5,1,2
"21/10/12","16:49:25",3,7,1,1
"21/10/12","18:40:13",3,8,1,1
"21/10/12","20:10:33",3,9,1,2
"21/10/12","21:42:29",3,10,2,3
"22/10/12","08:59:42",3,1,1,1
"22/10/12","10:28:19",3,2,3,2
"22/10/12","10:56:11",3,3,3,2
"22/10/12","13:03:43",3,4,3,1
"22/10/12","13:49:11",3,5,1,2
"22/10/12","15:13:22",3,6,3,2
"22/10/12","18:00:22",3,7,1,1
"22/10/12","19:25:14",3,8,1,2
"22/10/12","19:41:09",3,9,1,2
"22/10/12","21:21:58",3,10,2,2
"23/10/12","08:16:07",3,1,3,3
"23/10/12","09:07:14",3,2,2,2
"23/10/12","11:50:35",3,3,3,2
"23/10/12","14:17:10",3,5,1,1
"23/10/12","19:45:12",3,9,1,2
"23/10/12","21:50:39",3,10,1,3
"24/10/12","07:32:58",3,1,3,4
"24/10/12","10:16:13",3,2,1,1
"24/10/12","12:32:31",3,4,3,2
"24/10/12","16:08:17",3,6,2,2
"24/10/12","17:18:13",3,7,3,3
"24/10/12","18:11:01",3,8,2,3
"25/10/12","11:02:13",3,3,3,2
"25/10/12","16:06:41",3,6,2,3
"25/10/12","19:56:14",3,9,2,2
"25/10/12","21:15:40",3,10,2,3
"26/10/12","08:44:48",3,1,1,1
"26/10/12","09:55:08",3,2,2,1
"26/10/12","11:12:23",3,3,3,2
"26/10/12","16:15:34",3,6,3,2
"26/10/12","18:12:27",3,8,3,3
"27/10/12","07:58:21",3,1,2,1
"27/10/12","09:04:24",3,2,3,2
"27/10/12","12:30:31",3,4,3,2
"27/10/12","14:52:22",3,5,4,3
"27/10/12","15:08:08",3,6,5,2
"27/10/12","16:39:27",3,7,3,3
"27/10/12","18:46:06",3,8,1,1
"28/10/12","08:20:47",3,1,1,2
"28/10/12","09:20:26",3,2,5,3
"28/10/12","11:25:52",3,3,2,1
"28/10/12","15:51:31",3,6,3,3
"28/10/12","18:39:45",3,8,1,1
"28/10/12","20:10:43",3,9,3,2
"29/10/12","08:58:30",3,1,1,1
"29/10/12","10:28:13",3,2,1,1
"29/10/12","15:13:46",3,6,4,2
"29/10/12","17:59:14",3,7,4,2
"29/10/12","19:25:55",3,8,2,3
"29/10/12","21:20:26",3,10,3,4
"30/10/12","08:11:53",3,1,1,1
"30/10/12","09:07:18",3,2,1,1
"30/10/12","12:35:14",3,4,2,2
"30/10/12","14:16:29",3,5,3,2
"30/10/12","17:32:49",3,7,3,2
"30/10/12","18:05:50",3,8,2,2
"30/10/12","19:45:18",3,9,3,3
"30/10/12","21:50:47",3,10,2,1
"31/10/12","10:19:04",3,2,3,2
"31/10/12","11:09:31",3,3,3,2
"31/10/12","12:33:30",3,4,1,1
"31/10/12","14:34:12",3,5,2,3
"31/10/12","20:22:27",3,9,1,2
"31/10/12","21:20:39",3,10,1,2
"01/11/12","08:56:47",3,1,1,1
"01/11/12","09:20:34",3,2,1,1
"01/11/12","11:02:45",3,3,1,1
"01/11/12","12:38:37",3,4,1,2
"01/11/12","17:05:55",3,7,1,2
"01/11/12","18:36:29",3,8,1,1
"01/11/12","19:57:12",3,9,2,2
"01/11/12","21:12:49",3,10,1,3
"02/11/12","08:44:29",3,1,1,1
"02/11/12","09:54:16",3,2,1,1
"02/11/12","11:15:00",3,3,3,1
"02/11/12","12:04:28",3,4,2,2
"02/11/12","14:43:29",3,5,1,1
"02/11/12","17:17:36",3,7,1,3
"02/11/12","18:11:45",3,8,1,2
"03/11/12","07:57:48",3,1,1,2
"03/11/12","09:04:56",3,2,1,1
"03/11/12","11:37:53",3,3,3,1
"03/11/12","12:30:16",3,4,2,2
"03/11/12","14:53:19",3,5,2,3
"03/11/12","15:08:46",3,6,2,3
"04/11/12","08:20:40",3,1,2,1
"04/11/12","09:20:39",3,2,1,1
"04/11/12","11:32:54",3,3,1,1
"04/11/12","12:04:06",3,4,1,1
"04/11/12","18:39:24",3,8,2,3
"04/11/12","20:09:43",3,9,2,2
"04/11/12","21:44:08",3,10,1,2
"05/11/12","10:29:20",3,2,2,2
"05/11/12","10:56:11",3,3,1,1
"05/11/12","13:04:17",3,4,2,2
"05/11/12","13:50:01",3,5,2,2
"05/11/12","17:58:16",3,7,1,2
"05/11/12","21:20:19",3,10,1,1
"06/11/12","08:12:37",3,1,1,1
"06/11/12","09:10:37",3,2,1,1
"06/11/12","11:50:29",3,3,2,2
"06/11/12","14:16:34",3,5,3,3
"06/11/12","15:05:07",3,6,3,3
"06/11/12","18:05:31",3,8,2,2
"06/11/12","21:50:22",3,10,2,3
"07/11/12","07:32:41",3,1,2,3
"07/11/12","10:17:58",3,2,1,1
"07/11/12","11:09:03",3,3,2,1
"07/11/12","12:33:06",3,4,2,3
"07/11/12","16:08:29",3,6,2,2
"07/11/12","18:10:42",3,8,1,2
"08/11/12","08:57:46",3,1,1,1
"08/11/12","11:02:13",3,3,2,1
"08/11/12","12:39:29",3,4,3,3
"08/11/12","16:04:39",3,6,4,2
"08/11/12","19:57:09",3,9,3,2
"09/11/12","08:44:28",3,1,2,1
"09/11/12","09:54:11",3,2,3,1
"09/11/12","11:12:29",3,3,3,1
"09/11/12","12:04:56",3,4,3,2
"09/11/12","14:43:57",3,5,4,3
"09/11/12","17:16:13",3,7,4,3
"09/11/12","18:12:46",3,8,4,4
"10/11/12","09:05:18",3,2,5,2
"10/11/12","11:36:10",3,3,4,3
"10/11/12","12:33:36",3,4,3,2
"10/11/12","14:52:55",3,5,3,3
"10/11/12","15:09:01",3,6,4,2
"10/11/12","16:39:03",3,7,3,2
"10/11/12","18:46:14",3,8,2,3
"10/11/12","20:45:16",3,9,3,3
"10/11/12","21:30:24",3,10,2,3
"11/11/12","14:29:27",3,5,3,1
"11/11/12","15:52:21",3,6,1,1
"11/11/12","16:47:36",3,7,3,2
"11/11/12","18:39:26",3,8,3,1
"11/11/12","20:09:27",3,9,1,1
"11/11/12","21:42:10",3,10,2,3
"12/11/12","10:56:11",3,3,3,2
"12/11/12","13:03:29",3,4,2,1
"12/11/12","13:49:09",3,5,2,1
"12/11/12","15:13:28",3,6,2,2
"12/11/12","17:58:25",3,7,5,4
"12/11/12","19:25:19",3,8,2,3
"12/11/12","19:41:38",3,9,3,3
"12/11/12","21:25:38",3,10,2,4
"13/11/12","08:13:17",3,1,3,2
"13/11/12","09:07:23",3,2,2,2
"13/11/12","12:35:30",3,4,3,3
"13/11/12","14:16:29",3,5,3,2
"13/11/12","15:05:52",3,6,3,2
"13/11/12","18:05:46",3,8,2,4
"13/11/12","21:50:52",3,10,2,3
"14/11/12","10:17:37",3,2,1,1
"14/11/12","11:15:53",3,3,3,2
"14/11/12","14:36:01",3,5,3,3
"14/11/12","18:12:36",3,8,3,3
"14/11/12","20:22:12",3,9,2,2
"15/11/12","08:56:48",3,1,2,1
"15/11/12","11:02:44",3,3,1,2
"15/11/12","12:39:19",3,4,2,2
"15/11/12","16:05:04",3,6,2,3
"15/11/12","17:04:19",3,7,1,1
"15/11/12","19:57:59",3,9,1,1
"16/11/12","08:51:37",3,1,1,1
"16/11/12","09:54:11",3,2,1,2
"16/11/12","14:44:39",3,5,3,2
"16/11/12","16:16:37",3,6,3,3
"16/11/12","20:39:08",3,9,1,1
"17/11/12","08:06:42",3,1,1,3
"17/11/12","14:55:08",3,5,2,3
"17/11/12","15:08:40",3,6,2,3
"17/11/12","18:47:09",3,8,1,1
"17/11/12","20:43:27",3,9,2,2
"18/11/12","09:20:33",3,2,2,3
"18/11/12","11:24:33",3,3,1,1
"18/11/12","15:52:03",3,6,2,2
"18/11/12","16:48:36",3,7,1,1
"18/11/12","18:39:53",3,8,1,1
"18/11/12","20:09:15",3,9,1,2
"19/11/12","08:59:56",4,1,2,2
"19/11/12","10:31:30",4,2,2,2
"19/11/12","13:04:33",4,4,3,3
"19/11/12","15:15:31",4,6,2,2
"19/11/12","17:58:56",4,7,3,3
"19/11/12","19:43:13",4,9,2,2
"20/11/12","08:10:37",4,1,3,2
"20/11/12","14:16:10",4,5,3,3
"20/11/12","15:04:33",4,6,3,2
"20/11/12","17:32:26",4,7,2,4
"20/11/12","18:05:27",4,8,4,4
"20/11/12","21:50:40",4,10,3,4
"21/11/12","10:17:01",4,2,3,2
"21/11/12","11:08:12",4,3,4,3
"21/11/12","12:32:38",4,4,3,3
"21/11/12","14:35:46",4,5,3,3
"21/11/12","16:10:27",4,6,3,4
"21/11/12","21:20:07",4,10,3,4
"22/11/12","08:56:49",4,1,3,3
"22/11/12","12:38:30",4,4,3,2
"22/11/12","14:22:34",4,5,2,2
"22/11/12","16:04:47",4,6,4,4
"22/11/12","17:04:34",4,7,4,5
"22/11/12","19:57:34",4,9,1,2
"22/11/12","21:12:47",4,10,1,2
"23/11/12","08:44:16",4,1,1,1
"23/11/12","09:54:43",4,2,2,1
"23/11/12","14:43:14",4,5,3,3
"23/11/12","16:15:05",4,6,3,4
"23/11/12","18:11:27",4,8,1,3
"23/11/12","20:39:36",4,9,2,3
"23/11/12","21:21:49",4,10,2,2
"24/11/12","09:04:34",4,2,1,2
"24/11/12","11:37:03",4,3,1,3
"24/11/12","12:30:28",4,4,1,2
"24/11/12","15:08:28",4,6,3,3
"24/11/12","18:46:22",4,8,2,3
"24/11/12","20:42:15",4,9,1,2
"25/11/12","08:20:12",4,1,2,2
"25/11/12","09:20:56",4,2,3,1
"25/11/12","11:24:11",4,3,3,3
"25/11/12","14:28:57",4,5,1,1
"25/11/12","18:39:13",4,8,2,3
"25/11/12","20:09:30",4,9,1,2
"26/11/12","08:59:03",4,1,2,2
"26/11/12","10:28:24",4,2,1,1
"26/11/12","10:56:27",4,3,1,1
"26/11/12","13:49:12",4,5,1,1
"26/11/12","15:13:49",4,6,1,2
"26/11/12","17:59:45",4,7,1,1
"26/11/12","19:41:54",4,9,1,1
"27/11/12","08:10:14",4,1,1,1
"27/11/12","09:07:14",4,2,1,1
"27/11/12","14:16:14",4,5,3,2
"27/11/12","15:04:43",4,6,3,2
"27/11/12","19:45:18",4,9,3,4
"28/11/12","07:32:10",4,1,1,4
"28/11/12","11:08:22",4,3,3,3
"28/11/12","14:34:44",4,5,3,2
"28/11/12","16:08:27",4,6,1,2
"29/11/12","08:56:30",4,1,3,1
"29/11/12","11:02:42",4,3,3,2
"29/11/12","14:22:25",4,5,3,2
"29/11/12","21:12:11",4,10,2,3
"30/11/12","08:45:56",4,1,3,2
"30/11/12","09:54:28",4,2,2,1
"30/11/12","14:43:45",4,5,2,2
"30/11/12","16:16:03",4,6,2,2
"30/11/12","17:17:05",4,7,3,3
"30/11/12","18:11:30",4,8,2,3
"01/12/12","11:37:05",4,3,1,1
"01/12/12","15:08:48",4,6,2,2
"01/12/12","20:42:30",4,9,3,2
"02/12/12","11:24:52",4,3,2,2
"02/12/12","12:03:44",4,4,2,2
"02/12/12","14:28:52",4,5,3,2
"02/12/12","20:09:51",4,9,2,2
"02/12/12","21:42:15",4,10,3,3
"03/12/12","08:58:31",4,1,3,2
"03/12/12","10:56:22",4,3,3,2
"03/12/12","13:03:16",4,4,2,2
"03/12/12","13:50:17",4,5,4,2
"04/12/12","08:10:42",4,1,2,2
"04/12/12","09:07:49",4,2,1,1
"04/12/12","11:50:32",4,3,2,2
"04/12/12","12:35:32",4,4,2,1
"04/12/12","15:04:49",4,6,4,2
"04/12/12","17:33:39",4,7,2,2
"04/12/12","19:45:17",4,9,1,2
"04/12/12","21:51:19",4,10,2,2
"05/12/12","10:16:36",4,2,1,1
"05/12/12","14:35:31",4,5,2,1
"05/12/12","17:19:44",4,7,3,3
"05/12/12","20:22:52",4,9,3,2
"05/12/12","21:20:29",4,10,1,1
"06/12/12","08:56:45",4,1,2,2
"06/12/12","09:21:14",4,2,3,2
"06/12/12","11:03:03",4,3,2,2
"06/12/12","12:39:55",4,4,2,2
"06/12/12","14:22:40",4,5,3,3
"06/12/12","17:07:24",4,7,3,3
"06/12/12","18:38:00",4,8,2,2
"06/12/12","21:12:34",4,10,3,2
"07/12/12","08:44:45",4,1,3,1
"07/12/12","09:58:22",4,2,2,1
"07/12/12","12:04:28",4,4,2,1
"07/12/12","16:15:21",4,6,3,2
"07/12/12","17:16:27",4,7,4,2
"07/12/12","21:20:35",4,10,3,2
"08/12/12","09:04:28",4,2,5,1
"08/12/12","11:36:12",4,3,2,1
"08/12/12","12:32:27",4,4,3,1
"08/12/12","14:52:48",4,5,1,2
"08/12/12","16:39:57",4,7,2,1
"08/12/12","18:46:11",4,8,2,1
"08/12/12","20:42:13",4,9,1,1
"08/12/12","21:30:17",4,10,1,1
"09/12/12","08:20:33",4,1,2,4
"09/12/12","09:28:51",4,2,1,1
"09/12/12","18:39:12",4,8,1,1
"09/12/12","20:09:39",4,9,2,2
"09/12/12","21:42:18",4,10,1,1
"10/12/12","10:30:13",4,2,1,1
"10/12/12","10:59:36",4,3,1,1
"10/12/12","13:04:20",4,4,2,NA
"10/12/12","13:49:08",4,5,2,2
"10/12/12","15:13:45",4,6,1,2
"10/12/12","17:59:28",4,7,2,2
"10/12/12","19:25:12",4,8,2,2
"11/12/12","08:11:21",4,1,1,1
"11/12/12","09:07:32",4,2,1,2
"11/12/12","12:37:44",4,4,4,2
"11/12/12","14:22:05",4,5,1,2
"11/12/12","15:04:56",4,6,2,2
"11/12/12","19:45:55",4,9,2,3
"12/12/12","10:25:25",4,2,2,2
"12/12/12","12:33:28",4,4,4,2
"12/12/12","14:34:11",4,5,2,3
"12/12/12","17:19:26",4,7,2,2
"13/12/12","08:56:30",4,1,2,4
"13/12/12","09:21:15",4,2,2,2
"13/12/12","12:38:45",4,4,2,3
"13/12/12","16:05:05",4,6,1,3
"13/12/12","21:12:15",4,10,1,3
"14/12/12","08:45:26",4,1,1,2
"14/12/12","11:12:24",4,3,2,4
"14/12/12","14:43:40",4,5,1,2
"14/12/12","16:16:45",4,6,1,3
"14/12/12","17:17:39",4,7,1,3
"16/12/12","11:24:35",4,3,1,1
"16/12/12","14:28:44",4,5,1,1
"17/12/12","08:59:54",4,1,1,1
"17/12/12","10:28:31",4,2,1,1
"17/12/12","10:56:12",4,3,2,2
"17/12/12","13:50:07",4,5,1,2
"17/12/12","17:59:03",4,7,1,3
"17/12/12","19:25:55",4,8,1,2
"18/12/12","09:08:26",4,2,2,2
"18/12/12","11:50:31",4,3,1,1
"18/12/12","12:35:31",4,4,2,1
"18/12/12","15:05:04",4,6,2,2
"18/12/12","18:06:15",4,8,2,2
"18/12/12","19:45:11",4,9,2,2
"19/12/12","10:17:23",4,2,2,1
"19/12/12","17:18:14",4,7,2,2
"19/12/12","18:12:00",4,8,2,2
"19/12/12","21:21:17",4,10,2,3
"20/12/12","08:56:30",4,1,2,2
"20/12/12","09:22:02",4,2,2,2
"20/12/12","11:04:12",4,3,2,1
"20/12/12","12:38:50",4,4,1,1
"20/12/12","16:04:41",4,6,2,1
"20/12/12","18:36:55",4,8,1,1
"20/12/12","19:56:16",4,9,1,1
"21/12/12","08:46:00",4,1,1,2
"21/12/12","09:54:28",4,2,2,2
"21/12/12","12:05:42",4,4,1,1
"21/12/12","14:44:24",4,5,2,2
"21/12/12","19:46:58",4,8,2,2
"22/12/12","09:04:10",4,2,3,1
"22/12/12","11:37:38",4,3,2,1
"22/12/12","18:47:00",4,8,1,1
"22/12/12","20:42:36",4,9,1,1
"23/12/12","09:20:43",4,2,4,2
"23/12/12","11:24:15",4,3,4,2
"23/12/12","12:03:56",4,4,5,2
"23/12/12","15:52:04",4,6,3,2
"23/12/12","18:40:07",4,8,3,3
"24/12/12","08:58:52",4,1,3,1
"24/12/12","10:28:25",4,2,2,2
"24/12/12","13:03:34",4,4,1,1
"24/12/12","13:49:38",4,5,2,1
"24/12/12","19:25:38",4,8,1,1
"24/12/12","21:21:35",4,10,1,2
"25/12/12","11:52:17",4,3,1,1
"25/12/12","14:16:44",4,5,3,1
"25/12/12","15:04:26",4,6,2,1
"25/12/12","17:33:02",4,7,2,1
"25/12/12","18:05:32",4,8,3,2
"25/12/12","19:45:37",4,9,1,2
"26/12/12","07:32:26",4,1,3,4
"26/12/12","12:32:44",4,4,2,2
"26/12/12","16:08:30",4,6,NA,NA
"26/12/12","18:11:00",4,8,1,1
"26/12/12","20:23:27",4,9,1,1
"27/12/12","11:02:51",4,3,2,1
"27/12/12","12:39:42",4,4,1,1
"27/12/12","14:22:36",4,5,1,1
"27/12/12","18:37:37",4,8,2,2
"28/12/12","08:45:37",4,1,2,2
"28/12/12","09:55:02",4,2,2,1
"28/12/12","11:15:53",4,3,1,1
"28/12/12","12:05:06",4,4,3,2
"28/12/12","14:45:39",4,5,2,2
"28/12/12","16:16:53",4,6,2,4
"28/12/12","17:17:33",4,7,2,3
"28/12/12","20:38:16",4,9,1,2
"29/12/12","12:30:42",4,4,1,1
"29/12/12","14:53:34",4,5,1,1
"29/12/12","15:08:25",4,6,3,2
"29/12/12","16:38:46",4,7,2,2
"29/12/12","20:43:35",4,9,2,2
"30/12/12","08:21:16",4,1,2,3
"30/12/12","09:20:38",4,2,2,3
"30/12/12","11:25:52",4,3,3,2
"30/12/12","12:03:15",4,4,2,2
"30/12/12","14:30:11",4,5,3,3
"30/12/12","16:47:54",4,7,2,2
"30/12/12","20:10:26",4,9,2,2
"30/12/12","21:44:08",4,10,3,2
"31/12/12","08:59:42",4,1,3,3
"31/12/12","10:29:06",4,2,2,2
"31/12/12","10:56:47",4,3,1,1
"31/12/12","13:04:13",4,4,2,2
"31/12/12","15:13:39",4,6,1,2
"31/12/12","17:58:45",4,7,2,2
"31/12/12","19:25:47",4,8,2,2
"01/01/13","11:50:12",4,3,3,2
"01/01/13","12:35:56",4,4,3,1
"01/01/13","19:46:07",4,9,3,2
"01/01/13","21:50:17",4,10,3,1
"02/01/13","10:16:23",4,2,2,1
"02/01/13","12:32:13",4,4,2,1
"02/01/13","16:09:03",4,6,3,2
"02/01/13","18:10:34",4,8,2,3
"03/01/13","08:56:30",4,1,1,1
"03/01/13","09:20:34",4,2,2,2
"03/01/13","12:39:01",4,4,2,1
"03/01/13","16:04:19",4,6,1,2
"03/01/13","17:05:17",4,7,1,2
"03/01/13","18:36:35",4,8,2,2
"03/01/13","21:12:29",4,10,1,2
"04/01/13","09:54:26",4,2,2,2
"04/01/13","11:12:13",4,3,3,2
"04/01/13","15:28:30",4,5,3,3
"04/01/13","16:16:25",4,6,3,2
"05/01/13","14:53:54",4,5,2,3
"05/01/13","20:42:26",4,9,1,1
"05/01/13","21:30:05",4,10,1,1
"06/01/13","09:29:57",4,2,2,2
"06/01/13","11:24:14",4,3,1,2
"06/01/13","20:10:34",4,9,2,2
"06/01/13","21:42:28",4,10,3,2
"07/01/13","08:58:44",4,1,3,4
"07/01/13","10:30:42",4,2,3,2
"07/01/13","13:50:05",4,5,1,2
"07/01/13","15:13:27",4,6,2,2
"07/01/13","17:59:23",4,7,3,3
"07/01/13","19:25:45",4,8,2,3
"07/01/13","21:20:49",4,10,2,2
"08/01/13","08:10:09",4,1,1,2
"08/01/13","09:07:09",4,2,2,1
"08/01/13","11:51:38",4,3,1,1
"08/01/13","15:05:35",4,6,2,2
"08/01/13","17:32:16",4,7,2,2
"08/01/13","21:51:04",4,10,1,3
"09/01/13","10:16:10",4,2,2,2
"09/01/13","11:11:10",4,3,3,2
"09/01/13","12:32:38",4,4,3,2
"09/01/13","14:34:57",4,5,2,2
"09/01/13","17:18:40",4,7,1,3
"09/01/13","18:10:28",4,8,2,2
"09/01/13","20:23:21",4,9,2,2
"09/01/13","21:20:17",4,10,1,3
"10/01/13","08:56:28",4,1,1,2
"10/01/13","11:02:44",4,3,2,2
"10/01/13","12:38:16",4,4,2,2
"10/01/13","16:04:47",4,6,2,2
"10/01/13","17:04:28",4,7,2,3
"10/01/13","18:36:27",4,8,1,2
"10/01/13","19:56:11",4,9,3,3
"10/01/13","21:12:24",4,10,1,1
"11/01/13","08:44:45",4,1,1,1
"11/01/13","09:55:02",4,2,3,2
"11/01/13","14:43:27",4,5,3,2
"11/01/13","16:16:41",4,6,3,3
"11/01/13","17:16:16",4,7,3,3
"11/01/13","21:20:50",4,10,1,1
"12/01/13","09:04:25",4,2,3,2
"12/01/13","12:30:43",4,4,2,1
"12/01/13","14:52:28",4,5,2,1
"12/01/13","15:08:30",4,6,3,2
"12/01/13","18:47:24",4,8,2,2
"12/01/13","20:42:29",4,9,1,2
"13/01/13","09:20:20",4,2,3,2
"13/01/13","11:24:29",4,3,2,1
"13/01/13","14:29:00",4,5,3,2
"13/01/13","18:39:32",4,8,4,3
"13/01/13","20:09:42",4,9,4,3
"13/01/13","21:42:29",4,10,2,2
"14/01/13","08:59:51",4,1,3,2
"14/01/13","10:29:33",4,2,3,1
"14/01/13","10:56:45",4,3,2,1
"14/01/13","13:49:49",4,5,2,1
"14/01/13","15:13:53",4,6,1,1
"14/01/13","17:58:23",4,7,1,1
"14/01/13","19:25:47",4,8,2,2
"14/01/13","19:41:31",4,9,2,3
"15/01/13","09:07:26",5,2,2,2
"15/01/13","11:51:09",5,3,2,1
"15/01/13","12:35:30",5,4,3,2
"15/01/13","14:16:38",5,5,3,2
"16/01/13","07:32:11",5,1,1,2
"16/01/13","10:20:00",5,2,2,1
"16/01/13","11:08:11",5,3,3,2
"16/01/13","12:32:58",5,4,3,1
"16/01/13","17:18:58",5,7,3,2
"16/01/13","18:10:42",5,8,2,2
"16/01/13","21:20:11",5,10,1,2
"17/01/13","08:56:11",5,1,2,2
"17/01/13","11:03:18",5,3,2,1
"17/01/13","12:38:40",5,4,3,3
"17/01/13","14:24:28",5,5,1,2
"17/01/13","17:04:12",5,7,1,2
"17/01/13","19:56:49",5,9,2,2
"18/01/13","08:45:02",5,1,2,2
"18/01/13","09:56:46",5,2,2,2
"18/01/13","11:12:12",5,3,3,3
"18/01/13","12:04:35",5,4,4,3
"18/01/13","14:43:44",5,5,2,2
"18/01/13","16:15:25",5,6,4,2
"18/01/13","17:16:33",5,7,4,3
"18/01/13","18:11:26",5,8,2,2
"18/01/13","20:39:20",5,9,3,3
"19/01/13","07:57:28",5,1,4,3
"19/01/13","09:04:22",5,2,3,3
"19/01/13","14:53:14",5,5,2,2
"19/01/13","16:39:56",5,7,1,1
"19/01/13","18:46:27",5,8,1,2
"19/01/13","21:30:11",5,10,1,2
"20/01/13","08:21:47",5,1,2,3
"20/01/13","09:20:22",5,2,2,1
"20/01/13","15:51:09",5,6,2,2
"20/01/13","18:39:33",5,8,3,3
"20/01/13","20:09:11",5,9,3,3
"21/01/13","08:58:08",5,1,3,2
"21/01/13","10:56:19",5,3,3,2
"21/01/13","13:04:23",5,4,3,3
"21/01/13","15:13:43",5,6,2,1
"21/01/13","19:25:26",5,8,1,1
"21/01/13","21:21:05",5,10,1,1
"22/01/13","08:11:00",5,1,4,2
"22/01/13","09:07:46",5,2,3,2
"22/01/13","11:51:01",5,3,2,2
"22/01/13","12:35:36",5,4,2,2
"22/01/13","15:04:42",5,6,1,1
"22/01/13","17:33:20",5,7,2,1
"22/01/13","19:45:29",5,9,2,1
"23/01/13","10:16:33",5,2,2,1
"23/01/13","11:09:54",5,3,2,1
"23/01/13","14:34:50",5,5,2,2
"23/01/13","16:09:02",5,6,3,2
"23/01/13","18:10:26",5,8,3,3
"24/01/13","08:57:06",5,1,2,1
"24/01/13","11:03:23",5,3,2,2
"24/01/13","12:38:36",5,4,3,2
"24/01/13","14:23:30",5,5,3,2
"24/01/13","17:04:29",5,7,2,2
"24/01/13","18:36:53",5,8,1,2
"24/01/13","19:56:26",5,9,1,2
"25/01/13","08:44:18",5,1,3,2
"25/01/13","09:54:44",5,2,3,2
"25/01/13","11:12:35",5,3,3,2
"25/01/13","15:30:45",5,5,3,2
"25/01/13","18:11:48",5,8,3,2
"26/01/13","07:57:18",5,1,3,3
"26/01/13","09:04:44",5,2,5,2
"26/01/13","12:30:22",5,4,5,3
"26/01/13","16:38:23",5,7,3,2
"26/01/13","18:46:59",5,8,2,1
"26/01/13","21:30:17",5,10,1,2
"27/01/13","08:20:27",5,1,4,3
"27/01/13","09:20:30",5,2,3,3
"27/01/13","11:24:36",5,3,4,2
"27/01/13","14:28:11",5,5,2,1
"27/01/13","15:51:43",5,6,3,2
"27/01/13","18:39:19",5,8,3,3
"27/01/13","20:12:43",5,9,1,2
"28/01/13","08:59:58",5,1,4,1
"28/01/13","10:28:21",5,2,2,1
"28/01/13","13:03:28",5,4,3,2
"28/01/13","15:13:27",5,6,3,2
"28/01/13","17:58:21",5,7,1,1
"28/01/13","19:41:10",5,9,1,2
"28/01/13","21:20:58",5,10,1,2
"29/01/13","08:10:38",5,1,1,1
"29/01/13","11:50:25",5,3,1,1
"29/01/13","12:35:49",5,4,2,2
"29/01/13","14:16:10",5,5,2,2
"29/01/13","15:04:39",5,6,2,2
"29/01/13","17:32:29",5,7,2,3
"29/01/13","18:05:42",5,8,2,3
"30/01/13","07:32:27",5,1,1,1
"30/01/13","10:16:35",5,2,2,1
"30/01/13","16:09:07",5,6,1,2
"30/01/13","20:24:37",5,9,2,2
"30/01/13","21:20:45",5,10,2,2
"31/01/13","08:56:30",5,1,2,1
"31/01/13","12:38:08",5,4,1,1
"31/01/13","14:24:19",5,5,1,1
"31/01/13","16:04:26",5,6,1,2
"31/01/13","19:56:27",5,9,1,1
"01/02/13","08:45:29",5,1,1,1
"01/02/13","09:55:19",5,2,1,1
"01/02/13","12:04:29",5,4,2,2
"01/02/13","16:15:16",5,6,1,2
"01/02/13","18:11:42",5,8,2,4
"01/02/13","21:20:41",5,10,2,2
"02/02/13","07:57:59",5,1,2,3
"02/02/13","09:04:12",5,2,4,3
"02/02/13","11:36:05",5,3,2,2
"02/02/13","15:09:14",5,6,3,2
"02/02/13","16:39:08",5,7,4,3
"02/02/13","18:46:38",5,8,1,1
"03/02/13","11:24:29",5,3,2,2
"03/02/13","18:39:54",5,8,2,2
"04/02/13","08:58:29",5,1,3,1
"04/02/13","10:28:18",5,2,4,1
"04/02/13","13:04:23",5,4,NA,NA
"04/02/13","13:50:18",5,5,4,3
"04/02/13","17:58:26",5,7,2,2
"04/02/13","19:25:14",5,8,2,2
"05/02/13","08:10:29",5,1,1,1
"05/02/13","14:16:31",5,5,1,1
"05/02/13","17:32:37",5,7,1,1
"05/02/13","18:05:48",5,8,1,1
"06/02/13","07:33:05",5,1,1,2
"06/02/13","10:17:22",5,2,3,2
"06/02/13","14:34:26",5,5,3,2
"06/02/13","16:08:25",5,6,3,2
"06/02/13","18:11:42",5,8,1,2
"06/02/13","21:20:44",5,10,2,2
"07/02/13","08:56:16",5,1,1,1
"07/02/13","11:02:42",5,3,2,1
"07/02/13","12:39:13",5,4,1,1
"08/02/13","08:45:50",5,1,5,1
"08/02/13","09:55:01",5,2,4,2
"08/02/13","11:12:35",5,3,3,1
"08/02/13","14:43:41",5,5,3,2
"09/02/13","11:38:08",5,3,1,1
"09/02/13","20:43:00",5,9,1,1
"10/02/13","08:21:56",5,1,1,1
"10/02/13","15:51:40",5,6,1,1
"10/02/13","16:48:08",5,7,1,1
"10/02/13","18:39:58",5,8,1,2
"10/02/13","20:10:07",5,9,1,2
"11/02/13","08:59:18",5,1,2,1
"11/02/13","13:51:00",5,5,1,1
"11/02/13","15:13:46",5,6,1,2
"11/02/13","18:03:12",5,7,1,1
"11/02/13","19:41:38",5,9,1,1
"11/02/13","21:20:11",5,10,2,2
"12/02/13","08:10:44",5,1,2,2
"12/02/13","09:07:37",5,2,2,2
"12/02/13","11:50:24",5,3,1,1
"12/02/13","12:35:09",5,4,2,1
"12/02/13","14:16:49",5,5,2,2
"12/02/13","15:04:26",5,6,2,2
"12/02/13","18:05:26",5,8,1,2
"13/02/13","07:32:22",5,1,1,2
"13/02/13","11:08:48",5,3,1,1
"13/02/13","12:32:15",5,4,1,1
"13/02/13","18:10:59",5,8,1,2
"13/02/13","21:20:26",5,10,1,1
"14/02/13","08:56:10",5,1,3,2
"14/02/13","09:20:13",5,2,2,1
"14/02/13","11:02:27",5,3,2,1
"14/02/13","12:39:28",5,4,2,1
"14/02/13","14:22:54",5,5,2,2
"14/02/13","16:04:28",5,6,2,2
"14/02/13","17:05:18",5,7,1,2
"14/02/13","18:37:03",5,8,2,2
"14/02/13","19:56:33",5,9,2,3
"14/02/13","21:13:04",5,10,3,2
"15/02/13","08:44:29",5,1,3,2
"15/02/13","09:54:28",5,2,2,1
"15/02/13","11:12:21",5,3,1,1
"15/02/13","12:04:20",5,4,3,2
"15/02/13","16:15:27",5,6,1,2
"15/02/13","18:12:00",5,8,1,2
"16/02/13","08:30:40",5,1,4,2
"16/02/13","09:05:19",5,2,3,1
"16/02/13","11:37:19",5,3,4,1
"16/02/13","12:31:28",5,4,2,1
"16/02/13","14:52:35",5,5,3,2
"16/02/13","15:08:41",5,6,2,1
"16/02/13","18:46:45",5,8,1,1
"16/02/13","20:42:21",5,9,2,2
"16/02/13","21:30:26",5,10,1,2
"17/02/13","08:20:36",5,1,2,2
"17/02/13","09:20:24",5,2,2,1
"17/02/13","11:25:13",5,3,1,1
"17/02/13","12:03:28",5,4,1,1
"17/02/13","14:28:25",5,5,1,1
"17/02/13","15:51:09",5,6,1,2
"17/02/13","18:39:32",5,8,1,2
"17/02/13","20:09:27",5,9,2,2
"18/02/13","10:28:15",5,2,1,2
"18/02/13","13:03:12",5,4,2,2
"18/02/13","13:49:11",5,5,3,2
"18/02/13","15:13:29",5,6,1,1
"18/02/13","17:58:28",5,7,2,3
"18/02/13","19:25:36",5,8,1,3
"18/02/13","19:41:16",5,9,1,2
"18/02/13","21:20:13",5,10,2,1
"19/02/13","08:10:14",5,1,1,2
"19/02/13","11:51:06",5,3,2,1
"19/02/13","14:16:59",5,5,1,2
"19/02/13","15:05:14",5,6,1,2
"19/02/13","17:32:36",5,7,1,2
"19/02/13","18:06:20",5,8,1,2
"19/02/13","19:45:45",5,9,1,2
"20/02/13","07:33:44",5,1,1,2
"20/02/13","10:16:33",5,2,1,1
"20/02/13","11:08:20",5,3,1,1
"20/02/13","12:32:28",5,4,2,2
"20/02/13","20:23:21",5,9,1,3
"20/02/13","21:20:46",5,10,1,2
"21/02/13","12:40:53",5,4,1,2
"21/02/13","14:23:31",5,5,1,1
"22/02/13","08:44:34",5,1,2,2
"22/02/13","11:12:30",5,3,3,2
"22/02/13","14:44:01",5,5,2,2
"22/02/13","16:18:02",5,6,1,1
"22/02/13","18:13:43",5,8,1,1
"22/02/13","20:39:48",5,9,1,1
"22/02/13","21:21:01",5,10,1,1
"23/02/13","07:57:35",5,1,1,2
"23/02/13","15:13:05",5,6,1,1
"23/02/13","18:46:15",5,8,2,3
"23/02/13","20:42:09",5,9,3,2
"23/02/13","21:30:12",5,10,3,3
"24/02/13","09:20:19",5,2,4,3
"24/02/13","11:24:32",5,3,3,1
"24/02/13","12:03:14",5,4,3,2
"24/02/13","14:28:15",5,5,2,1
"24/02/13","15:51:49",5,6,1,1
"24/02/13","16:47:08",5,7,2,1
"24/02/13","20:09:36",5,9,2,1
"24/02/13","21:42:12",5,10,2,2
"25/02/13","08:59:19",5,1,2,2
"25/02/13","10:28:48",5,2,4,2
"25/02/13","10:56:12",5,3,3,3
"25/02/13","13:04:26",5,4,3,1
"25/02/13","13:49:13",5,5,2,1
"25/02/13","15:14:55",5,6,1,1
"25/02/13","19:25:18",5,8,2,1
"25/02/13","19:41:14",5,9,1,1
"25/02/13","21:21:42",5,10,1,1
"26/02/13","09:07:26",5,2,3,3
"26/02/13","11:51:22",5,3,1,1
"26/02/13","14:17:47",5,5,3,2
"26/02/13","15:04:11",5,6,3,1
"26/02/13","17:32:46",5,7,2,1
"26/02/13","18:05:46",5,8,2,2
"26/02/13","19:45:36",5,9,1,2
"26/02/13","21:50:30",5,10,3,2
"27/02/13","07:32:47",5,1,2,2
"27/02/13","10:16:51",5,2,4,1
"27/02/13","11:08:28",5,3,2,1
"27/02/13","12:32:12",5,4,1,1
"27/02/13","16:08:19",5,6,1,1
"27/02/13","17:18:29",5,7,1,1
"27/02/13","18:10:29",5,8,2,1
"27/02/13","20:23:54",5,9,1,3
"27/02/13","21:20:14",5,10,2,2
"28/02/13","08:56:13",5,1,3,3
"28/02/13","09:20:10",5,2,4,1
"28/02/13","11:02:26",5,3,2,1
"28/02/13","12:39:55",5,4,1,1
"28/02/13","14:22:15",5,5,2,1
"28/02/13","16:04:27",5,6,1,1
"28/02/13","17:04:42",5,7,2,2
"28/02/13","18:36:36",5,8,2,1
"28/02/13","19:56:12",5,9,5,2
"28/02/13","21:12:54",5,10,2,2
"01/03/13","11:13:54",5,3,1,1
"01/03/13","14:43:19",5,5,1,1
"01/03/13","16:16:24",5,6,1,1
"01/03/13","17:16:09",5,7,1,1
"01/03/13","18:11:30",5,8,1,1
"01/03/13","20:38:12",5,9,1,1
"01/03/13","21:20:31",5,10,1,1
"02/03/13","07:57:26",5,1,1,3
"02/03/13","09:04:48",5,2,2,1
"02/03/13","11:36:11",5,3,1,1
"02/03/13","14:52:22",5,5,2,1
"02/03/13","16:38:10",5,7,1,1
"02/03/13","18:47:55",5,8,1,2
"02/03/13","20:42:27",5,9,1,2
"02/03/13","21:30:43",5,10,1,1
"03/03/13","08:20:10",5,1,1,2
"03/03/13","09:21:19",5,2,1,1
"03/03/13","14:28:26",5,5,2,2
"03/03/13","15:51:10",5,6,2,1
"03/03/13","16:47:47",5,7,2,2
"03/03/13","20:09:09",5,9,1,1
"04/03/13","08:58:43",5,1,1,1
"04/03/13","10:28:32",5,2,1,1
"04/03/13","15:13:41",5,6,1,2
"04/03/13","17:59:47",5,7,2,1
"04/03/13","19:25:31",5,8,1,1
"04/03/13","21:20:11",5,10,2,2
"05/03/13","08:10:10",5,1,2,1
"05/03/13","09:07:27",5,2,2,2
"05/03/13","11:50:27",5,3,2,1
"05/03/13","15:05:39",5,6,1,1
"05/03/13","17:33:08",5,7,1,2
"05/03/13","18:06:41",5,8,2,2
"06/03/13","10:16:15",5,2,2,2
"06/03/13","11:09:36",5,3,3,2
"06/03/13","14:35:19",5,5,2,2
"06/03/13","16:08:44",5,6,3,3
"06/03/13","18:13:34",5,8,2,3
"07/03/13","08:56:45",5,1,3,2
"07/03/13","14:22:27",5,5,3,3
"08/03/13","08:44:44",5,1,2,2
"08/03/13","11:12:13",5,3,2,1
"08/03/13","12:04:28",5,4,2,1
"08/03/13","21:23:51",5,10,3,3
"09/03/13","09:04:21",5,2,5,3
"09/03/13","11:36:18",5,3,5,2
"09/03/13","12:30:11",5,4,4,2
"09/03/13","14:52:34",5,5,4,2
"09/03/13","15:08:33",5,6,5,3
"09/03/13","18:46:15",5,8,2,2
"09/03/13","21:30:27",5,10,2,1
"10/03/13","08:20:55",5,1,5,4
"10/03/13","09:20:46",5,2,4,3
"10/03/13","11:24:11",5,3,3,2
"10/03/13","12:03:31",5,4,4,1
"10/03/13","20:09:25",5,9,2,2
"11/03/13","08:58:29",5,1,2,2
"11/03/13","10:28:23",5,2,3,2
"11/03/13","13:03:13",5,4,2,1
"11/03/13","13:49:31",5,5,3,2
"11/03/13","15:13:38",5,6,2,2
"11/03/13","17:58:56",5,7,3,3
"11/03/13","19:25:44",5,8,2,2
"11/03/13","19:41:42",5,9,1,2
"11/03/13","21:20:14",5,10,1,2
"12/03/13","08:10:25",5,1,1,3
"12/03/13","09:07:10",5,2,2,3
"12/03/13","11:50:18",5,3,2,2
"12/03/13","17:52:47",5,7,1,2
"12/03/13","19:08:12",5,8,2,2
"12/03/13","20:59:35",5,9,1,3
"13/03/13","07:40:28",5,1,1,2
"13/03/13","09:04:26",5,2,1,2
"13/03/13","13:31:26",5,5,1,2
"13/03/13","16:10:25",5,6,2,2
"13/03/13","17:09:27",5,7,3,2
"13/03/13","18:32:28",5,8,2,2
"13/03/13","20:02:28",5,9,2,2
"13/03/13","22:08:49",5,10,2,2
"14/03/13","07:30:39",5,1,3,3
"14/03/13","10:07:17",5,2,3,2
"14/03/13","11:28:26",5,3,2,1
"14/03/13","12:44:02",5,4,2,2
"14/03/13","14:44:08",5,5,1,2
"14/03/13","19:52:25",5,9,1,1
"14/03/13","21:49:42",5,10,1,1
"15/03/13","10:00:26",5,2,2,1
"15/03/13","12:51:29",5,4,2,2
"15/03/13","17:34:57",5,7,3,2
"16/03/13","09:59:11",5,2,1,1
"16/03/13","11:33:56",5,3,2,1
"16/03/13","17:42:22",5,7,2,2
"16/03/13","18:04:11",5,8,2,2
"17/03/13","08:46:08",5,1,2,1
"17/03/13","10:08:33",5,2,2,1
"17/03/13","11:57:04",5,3,2,2
"17/03/13","15:37:41",5,6,2,2
"17/03/13","17:13:06",5,7,1,2
"17/03/13","19:29:24",5,8,1,2
"17/03/13","20:08:16",5,9,1,1
"17/03/13","21:40:12",5,10,1,2
"18/03/13","12:42:09",5,4,2,2
"18/03/13","14:49:02",5,5,3,2
"18/03/13","15:59:47",5,6,NA,NA
"18/03/13","19:28:13",5,8,2,2
"19/03/13","08:12:09",5,1,2,2
"19/03/13","10:34:28",5,3,2,1
"19/03/13","17:52:48",5,7,2,3
"20/03/13","07:38:20",5,1,1,2
"20/03/13","11:00:15",5,3,2,2
"20/03/13","16:10:52",5,6,2,2
"20/03/13","22:08:15",5,10,2,2
"21/03/13","07:30:46",5,1,2,1
"21/03/13","10:13:11",5,2,2,2
"21/03/13","19:52:22",5,9,1,4
"21/03/13","21:48:12",5,10,3,4
"22/03/13","09:56:37",5,2,2,3
"22/03/13","11:32:09",5,3,3,2
"22/03/13","12:52:30",5,4,2,3
"22/03/13","14:18:37",5,5,2,4
"22/03/13","16:21:08",5,6,2,3
"22/03/13","18:59:19",5,8,1,1
"23/03/13","07:49:45",5,1,2,2
"23/03/13","09:59:53",5,2,1,1
"23/03/13","13:51:28",5,5,1,1
"23/03/13","17:40:12",5,7,2,3
"23/03/13","20:15:18",5,9,1,1
"24/03/13","08:47:37",5,1,2,2
"24/03/13","11:57:24",5,3,2,1
"24/03/13","19:29:10",5,8,2,2
"24/03/13","20:07:21",5,9,2,2
"24/03/13","21:41:00",5,10,2,2
"25/03/13","08:41:10",5,1,4,2
"25/03/13","09:32:12",5,2,4,3
"25/03/13","10:44:29",5,3,2,1
"25/03/13","14:48:10",5,5,3,2
"25/03/13","15:59:27",5,6,3,3
"25/03/13","17:57:09",5,7,2,3
"25/03/13","19:28:42",5,8,1,3
"25/03/13","20:25:26",5,9,2,3
"25/03/13","21:32:13",5,10,2,3
"26/03/13","08:13:37",5,1,1,1
"26/03/13","09:01:16",5,2,2,1
"26/03/13","10:34:11",5,3,2,2
"26/03/13","12:14:14",5,4,3,2
"26/03/13","15:26:18",5,6,3,1
"27/03/13","07:38:31",5,1,2,1
"27/03/13","13:31:30",5,5,2,1
"27/03/13","16:10:19",5,6,5,1
"27/03/13","18:33:51",5,8,1,1
"28/03/13","10:06:23",5,2,1,1
"28/03/13","11:30:14",5,3,2,1
"28/03/13","14:44:29",5,5,1,1
"28/03/13","18:08:57",5,8,3,2
"28/03/13","21:49:16",5,10,1,2
"29/03/13","07:46:32",5,1,2,1
"30/03/13","09:59:13",5,2,3,2
"30/03/13","21:59:14",5,10,2,1
"31/03/13","11:57:12",5,3,2,1
"31/03/13","12:28:11",5,4,2,1
"31/03/13","13:44:29",5,5,2,1
"31/03/13","15:37:18",5,6,1,1
"31/03/13","19:29:12",5,8,1,2
"01/04/13","08:41:49",5,1,2,2
"01/04/13","09:32:08",5,2,3,2
"01/04/13","10:44:30",5,3,3,1
"01/04/13","14:49:33",5,5,3,2
"01/04/13","19:28:28",5,8,3,1
"02/04/13","08:12:31",5,1,4,3
"02/04/13","09:01:10",5,2,4,4
"02/04/13","10:34:10",5,3,4,3
"02/04/13","12:15:51",5,4,3,2
"02/04/13","15:26:09",5,6,3,2
"02/04/13","17:52:29",5,7,3,2
"02/04/13","19:08:18",5,8,2,2
"03/04/13","07:38:28",5,1,5,3
"03/04/13","09:04:05",5,2,NA,NA
"03/04/13","10:55:11",5,3,3,1
"03/04/13","12:28:22",5,4,4,2
"03/04/13","17:08:28",5,7,2,1
"03/04/13","18:33:46",5,8,2,2
"03/04/13","20:02:31",5,9,3,2
"03/04/13","22:09:36",5,10,3,3
"04/04/13","07:30:40",5,1,5,3
"04/04/13","10:06:09",5,2,2,1
"04/04/13","16:37:21",5,7,3,2
"04/04/13","18:08:57",5,8,3,3
"05/04/13","09:55:17",5,2,3,1
"05/04/13","12:51:11",5,4,2,1
"05/04/13","14:17:10",5,5,3,2
"05/04/13","16:22:02",5,6,3,2
"05/04/13","17:34:12",5,7,2,2
"05/04/13","19:00:00",5,8,2,1
"05/04/13","19:34:30",5,9,1,2
"06/04/13","07:48:20",5,1,1,1
"06/04/13","09:59:52",5,2,2,1
"07/04/13","10:08:50",5,2,1,1
"07/04/13","11:56:42",5,3,2,1
"07/04/13","12:29:55",5,4,2,1
"07/04/13","20:07:13",5,9,1,1
"07/04/13","21:40:39",5,10,2,2
"08/04/13","08:41:10",5,1,1,2
"08/04/13","09:32:26",5,2,3,1
"08/04/13","10:44:14",5,3,2,1
"08/04/13","15:59:31",5,6,1,1
"08/04/13","17:58:27",5,7,1,2
"08/04/13","19:28:10",5,8,1,1
"08/04/13","20:25:11",5,9,1,2
"08/04/13","21:32:12",5,10,1,2
