"ID","x1","x2","x3","y1","y2","y3"
1,5,NA,NA,7,NA,NA
9,3,NA,NA,8,NA,NA
11,3,NA,NA,7,NA,NA
25,4,NA,NA,9,NA,NA
29,5,NA,NA,10,NA,NA
30,3,NA,NA,6,NA,NA
40,6,NA,NA,8,NA,NA
49,3,NA,NA,8,NA,NA
48,3,NA,NA,8,NA,NA
53,5,NA,NA,2,NA,NA
55,4,NA,NA,7,NA,NA
58,5,NA,NA,7,NA,NA
66,3,NA,NA,9,NA,NA
107,NA,NA,NA,7,NA,NA
79,1,NA,NA,8,NA,NA
86,4,NA,NA,6,NA,NA
88,5,NA,NA,6,NA,NA
98,4,NA,NA,4,NA,NA
99,3,NA,NA,8,NA,NA
147,3,NA,NA,9,NA,NA
124,5,NA,NA,8,NA,NA
118,4,NA,NA,9,NA,NA
120,3,NA,NA,6,NA,NA
226,NA,NA,NA,10,NA,NA
131,1,NA,NA,8,NA,NA
148,2,NA,NA,5,NA,NA
133,1,NA,NA,10,NA,NA
136,1,NA,NA,10,NA,NA
137,6,NA,NA,9,NA,NA
146,1,NA,NA,8,NA,NA
153,2,NA,NA,8,NA,NA
156,2,NA,NA,6,NA,NA
192,3,NA,NA,9,NA,NA
181,3,NA,NA,7,NA,NA
184,2,NA,NA,6,NA,NA
191,2,NA,NA,6,NA,NA
199,4,NA,NA,8,NA,NA
545,4,NA,NA,10,NA,NA
195,1,NA,NA,10,NA,NA
196,3,NA,NA,8,NA,NA
209,4,NA,NA,6,NA,NA
261,NA,NA,NA,5,NA,NA
214,1,NA,NA,9,NA,NA
221,2,NA,NA,6,NA,NA
220,5,NA,NA,8,NA,NA
228,3,NA,NA,8,NA,NA
284,4,NA,NA,7,NA,NA
246,3,NA,NA,7,NA,NA
249,4,NA,NA,10,NA,NA
251,3,NA,NA,8,NA,NA
252,3,NA,NA,8,NA,NA
255,3,NA,NA,8,NA,NA
272,3,NA,NA,6,NA,NA
279,5,NA,NA,7,NA,NA
551,1,NA,NA,7,NA,NA
285,3,NA,NA,8,NA,NA
294,1,NA,NA,5,NA,NA
295,3,NA,NA,8,NA,NA
304,NA,NA,NA,5,NA,NA
312,2,NA,NA,4,NA,NA
555,1,NA,NA,4,NA,NA
313,2,NA,NA,8,NA,NA
318,3,NA,NA,7,NA,NA
325,3,NA,NA,8,NA,NA
333,3,NA,NA,6,NA,NA
342,2,NA,NA,7,NA,NA
349,4,NA,NA,9,NA,NA
351,1,NA,NA,4,NA,NA
352,1,NA,NA,4,NA,NA
371,6,NA,NA,8,NA,NA
384,1,NA,NA,8,NA,NA
397,1,NA,NA,2,NA,NA
400,3,NA,NA,8,NA,NA
401,2,NA,NA,8,NA,NA
406,4,NA,NA,3,NA,NA
407,3,NA,NA,8,NA,NA
411,4,NA,NA,7,NA,NA
417,3,NA,NA,8,NA,NA
423,4,NA,NA,9,NA,NA
425,3,NA,NA,3,NA,NA
441,3,NA,NA,6,NA,NA
447,NA,NA,NA,NA,NA,NA
444,2,NA,NA,5,NA,NA
452,NA,NA,NA,4,NA,NA
446,3,NA,NA,4,NA,NA
453,5,NA,NA,6,NA,NA
455,2,NA,NA,8,NA,NA
462,2,NA,NA,8,NA,NA
472,4,NA,NA,8,NA,NA
484,3,NA,NA,4,NA,NA
483,3,NA,NA,5,NA,NA
511,3,NA,NA,6,NA,NA
516,3,NA,NA,8,NA,NA
523,3,NA,NA,9,NA,NA
532,3,NA,NA,9,NA,NA
537,6,NA,NA,7,NA,NA
536,2,NA,NA,10,NA,NA
538,3,NA,NA,7,NA,NA
103,5,5,NA,4,5,NA
59,2,3,NA,2,4,NA
75,3,1,NA,8,6,NA
546,1,1,NA,7,8,NA
100,4,4,NA,7,7,NA
139,4,1,NA,7,10,NA
193,3,3,NA,5,4,NA
203,4,5,NA,7,6,NA
368,4,2,NA,5,7,NA
442,3,5,NA,6,6,NA
420,3,1,NA,6,7,NA
498,1,2,NA,7,8,NA
501,3,3,NA,8,8,NA
507,3,3,NA,5,6,NA
524,3,4,NA,5,5,NA
509,3,3,NA,5,7,NA
527,3,3,NA,6,7,NA
519,1,1,NA,5,2,NA
528,3,3,NA,8,8,NA
534,1,3,NA,4,7,NA
535,5,6,NA,8,8,NA
531,3,3,NA,10,10,NA
522,2,3,NA,6,9,NA
82,4,4,NA,4,6,NA
287,3,3,3,3,4,4
268,3,3,1,10,10,7
297,3,6,4,8,7,8
311,5,3,3,7,7,7
460,3,3,4,6,5,4
470,2,3,3,8,6,7
426,4,2,NA,8,6,NA
493,2,3,3,6,7,5
495,3,3,3,5,4,7
499,2,3,1,3,6,5
503,3,2,3,6,6,6
512,3,2,1,4,2,5
488,4,3,3,5,6,6
515,3,4,3,10,8,7
520,3,4,4,8,7,7
521,5,3,4,9,9,10
17,3,NA,NA,6,NA,NA
32,5,NA,NA,4,NA,NA
543,4,NA,NA,10,NA,NA
56,3,NA,NA,7,NA,NA
130,2,NA,NA,4,NA,NA
222,5,NA,NA,10,NA,NA
185,3,NA,NA,9,NA,NA
34,2,2,NA,8,9,NA
197,2,NA,NA,6,NA,NA
8,4,4,NA,8,6,NA
57,3,NA,NA,6,NA,NA
292,3,NA,NA,7,NA,NA
293,6,NA,NA,5,NA,NA
69,2,3,3,7,6,6
310,1,NA,NA,7,NA,NA
233,3,2,NA,7,6,NA
265,3,3,NA,9,9,NA
269,3,4,NA,2,2,NA
21,1,1,1,6,8,8
182,5,2,NA,7,5,NA
89,4,4,NA,8,8,NA
345,3,NA,NA,3,NA,NA
33,3,NA,2,9,NA,10
550,1,3,NA,10,10,NA
557,4,NA,NA,7,NA,NA
556,1,NA,NA,6,NA,NA
200,1,1,NA,8,10,NA
409,3,NA,NA,5,NA,NA
73,4,NA,2,3,NA,4
354,3,1,NA,6,5,NA
45,6,NA,5,3,NA,3
319,3,4,NA,10,10,NA
386,4,NA,NA,8,NA,NA
398,3,NA,NA,7,NA,NA
327,3,3,3,6,7,7
321,3,3,5,7,7,6
377,3,3,3,4,4,3
375,4,3,3,9,9,8
464,3,NA,NA,5,NA,NA
475,4,NA,NA,8,NA,NA
434,3,2,3,8,7,8
465,3,3,NA,6,8,NA
466,1,NA,NA,8,NA,NA
437,4,3,1,5,5,5
414,4,5,3,8,5,6
508,2,3,NA,2,4,NA
489,3,3,3,6,3,3
541,4,NA,NA,6,NA,NA
27,4,NA,NA,7,NA,NA
208,3,NA,NA,9,NA,NA
18,4,NA,NA,7,NA,NA
110,1,NA,NA,7,NA,NA
35,4,NA,NA,7,NA,NA
114,1,NA,NA,3,NA,NA
95,2,NA,NA,8,NA,NA
159,3,NA,NA,7,NA,NA
211,1,NA,NA,4,NA,NA
250,3,NA,NA,7,NA,NA
104,3,NA,NA,7,NA,NA
47,3,NA,NA,4,NA,NA
80,2,2,NA,9,8,NA
115,1,NA,NA,6,NA,NA
85,4,NA,NA,8,NA,NA
141,3,NA,NA,8,NA,NA
125,3,4,NA,8,9,NA
43,4,NA,NA,7,NA,NA
307,3,NA,NA,7,NA,NA
177,2,NA,NA,8,NA,NA
175,3,4,NA,4,6,NA
97,2,NA,NA,6,NA,NA
190,2,NA,NA,7,NA,NA
213,5,NA,NA,5,NA,NA
96,5,NA,NA,8,NA,NA
149,3,NA,NA,2,NA,NA
164,3,NA,NA,9,NA,NA
219,3,NA,NA,8,NA,NA
229,1,NA,NA,10,NA,NA
174,3,NA,NA,7,NA,NA
202,3,NA,NA,9,NA,NA
52,1,NA,NA,7,NA,NA
112,2,NA,NA,7,NA,NA
172,2,2,NA,7,7,NA
207,4,NA,NA,8,NA,NA
230,1,NA,NA,9,NA,NA
186,1,NA,NA,7,NA,NA
19,2,4,NA,8,8,NA
60,1,NA,NA,8,NA,NA
271,1,NA,NA,5,NA,NA
123,1,NA,NA,8,NA,NA
116,4,NA,NA,5,NA,NA
266,3,NA,NA,7,NA,NA
42,2,NA,NA,7,NA,NA
280,3,NA,NA,8,NA,NA
283,1,NA,NA,8,NA,NA
157,3,NA,NA,8,NA,NA
548,5,NA,NA,8,NA,NA
3,3,3,NA,6,6,NA
154,5,NA,NA,7,NA,NA
176,3,NA,NA,8,NA,NA
54,5,NA,NA,8,NA,NA
132,4,NA,NA,10,NA,NA
275,4,NA,NA,7,NA,NA
225,1,NA,NA,8,NA,NA
144,2,NA,NA,6,NA,NA
4,2,1,NA,7,6,NA
70,1,NA,NA,8,NA,NA
119,1,NA,NA,7,NA,NA
24,3,3,NA,7,6,NA
10,3,3,NA,7,7,NA
296,3,NA,NA,7,NA,NA
239,2,NA,NA,7,NA,NA
309,2,NA,NA,7,NA,NA
300,1,NA,NA,8,NA,NA
303,5,NA,NA,8,NA,NA
278,5,NA,NA,9,NA,NA
314,3,NA,NA,8,NA,NA
78,3,2,NA,8,6,NA
102,3,1,NA,4,6,NA
76,3,NA,NA,8,NA,NA
65,3,1,NA,5,4,NA
262,3,NA,NA,5,NA,NA
290,4,NA,NA,7,NA,NA
257,5,NA,NA,8,NA,NA
215,3,3,NA,7,9,NA
14,1,2,1,9,7,6
23,2,1,NA,8,6,NA
143,1,1,NA,6,8,NA
238,3,3,NA,8,8,NA
232,4,3,NA,7,7,NA
93,3,3,NA,8,7,NA
50,1,1,NA,10,9,NA
316,4,NA,NA,8,NA,NA
72,1,1,NA,8,7,NA
44,3,NA,NA,7,NA,NA
167,3,5,NA,5,5,NA
68,3,5,NA,8,6,NA
92,2,2,NA,8,7,NA
210,3,3,NA,5,7,NA
549,1,NA,NA,5,NA,NA
183,2,1,NA,8,6,NA
63,4,4,NA,6,8,NA
320,3,NA,NA,7,NA,NA
235,4,2,NA,5,7,NA
340,2,NA,NA,7,NA,NA
282,3,3,NA,6,5,NA
28,1,1,NA,8,8,NA
16,4,3,5,5,4,5
12,1,1,1,7,6,7
90,3,3,NA,7,8,NA
326,3,NA,NA,8,NA,NA
178,3,5,4,8,8,8
188,1,1,NA,9,9,NA
393,1,NA,NA,3,NA,NA
26,3,3,NA,8,6,NA
36,3,3,4,8,4,4
171,1,2,1,9,9,8
67,3,3,NA,5,7,NA
253,3,3,3,7,5,5
122,4,3,3,9,9,8
194,3,3,3,8,7,8
94,2,2,1,9,8,8
37,2,1,1,5,9,6
173,3,1,1,5,5,5
242,4,4,3,5,5,6
258,2,1,1,8,8,8
5,2,1,2,7,9,8
162,3,3,2,2,6,6
291,2,5,2,8,7,7
166,3,3,NA,7,7,NA
223,2,2,NA,8,8,NA
363,6,NA,NA,6,NA,NA
362,3,NA,NA,9,NA,NA
113,3,3,NA,8,9,NA
2,4,3,3,7,7,8
367,1,NA,NA,2,NA,NA
127,3,3,1,5,7,7
109,4,3,3,6,7,6
329,3,NA,NA,8,NA,NA
152,3,NA,NA,9,NA,NA
22,3,1,2,7,8,8
392,4,NA,NA,5,NA,NA
216,3,1,4,5,6,6
217,3,3,3,10,10,10
108,2,1,1,4,7,6
410,1,NA,NA,8,NA,NA
179,2,2,2,9,7,7
218,3,4,4,7,5,7
286,3,3,3,3,2,5
372,2,NA,NA,9,NA,NA
189,3,1,1,9,7,7
256,3,3,3,10,5,6
227,2,3,2,10,9,8
187,3,3,3,7,6,7
277,3,6,5,7,8,4
61,3,1,1,3,6,8
355,1,NA,NA,3,NA,NA
360,3,NA,NA,7,NA,NA
126,4,4,3,5,6,6
306,6,3,3,7,6,4
71,3,4,4,7,8,8
390,2,NA,NA,8,NA,NA
121,3,1,1,8,8,8
276,4,4,6,4,5,3
105,3,1,1,6,8,9
288,1,2,1,10,10,10
142,3,3,2,9,9,9
129,5,4,3,5,8,7
140,3,3,1,7,7,6
234,6,4,NA,8,8,NA
350,1,1,NA,10,10,NA
163,2,3,2,7,7,7
322,3,4,4,9,7,6
243,2,1,2,9,7,9
553,1,1,1,8,8,8
388,2,1,NA,8,5,NA
83,3,3,1,8,8,8
343,2,2,1,7,4,6
344,4,3,3,2,6,6
6,4,3,1,8,6,5
387,5,3,NA,2,6,NA
358,3,4,3,2,5,5
315,3,3,3,7,6,7
380,3,NA,NA,6,NA,NA
373,4,5,NA,10,8,NA
62,4,3,4,8,6,7
51,2,2,1,8,7,6
169,3,3,3,9,6,4
395,3,NA,NA,5,NA,NA
359,3,2,3,8,8,5
418,1,1,NA,6,5,NA
385,3,2,2,7,6,4
369,2,NA,NA,5,NA,NA
323,3,1,1,10,8,7
383,2,1,NA,8,10,NA
204,3,1,3,5,4,7
403,3,2,1,7,7,7
254,2,2,2,4,5,5
364,1,3,NA,8,10,NA
302,2,2,2,6,7,7
413,3,3,3,10,9,8
91,4,4,5,10,10,10
341,1,1,3,5,4,7
440,1,2,NA,7,8,NA
456,1,NA,NA,8,NA,NA
370,3,3,2,5,4,3
468,5,NA,NA,10,NA,NA
64,1,1,4,6,6,7
428,3,3,NA,6,4,NA
454,3,3,NA,7,7,NA
471,3,NA,NA,8,NA,NA
357,2,1,1,6,10,10
479,3,NA,NA,8,NA,NA
463,3,2,NA,8,7,NA
394,3,3,1,4,6,3
562,3,3,NA,4,6,NA
448,2,3,NA,8,7,NA
382,3,4,NA,7,6,NA
416,1,1,1,8,7,7
450,4,3,NA,7,7,NA
478,4,2,NA,5,6,NA
451,3,3,NA,6,6,NA
449,4,1,3,8,5,8
510,4,NA,NA,8,NA,NA
492,1,2,NA,8,7,NA
378,2,1,1,7,6,7
427,3,3,3,6,5,5
435,3,3,2,2,2,3
496,2,NA,NA,4,NA,NA
317,3,4,2,8,9,9
482,2,2,NA,7,6,NA
494,3,NA,NA,8,NA,NA
491,1,1,NA,9,7,NA
476,3,NA,NA,9,NA,NA
504,3,NA,NA,8,NA,NA
353,3,4,2,8,7,8
443,4,4,1,7,6,6
480,1,1,NA,10,9,NA
467,3,4,NA,8,4,NA
458,3,3,2,7,7,5
500,2,NA,NA,9,NA,NA
436,4,4,2,2,4,5
481,2,1,3,8,4,5
485,3,2,3,4,7,7
